wri_it_id,structure,severity_id,time_frequency,unit_description,activity_id,sex_id,country_id,time_period,obs_value,observation_status,employment_au,casualties_x1k,m_casualties,f_casualties,m_employment_au,f_employment_au,m_casualties_x1km,f_casualties_x1kf
0,dataflow,FAT,Annual,Number,A,UNK,IT,2014,94,,811.6,0.12,67.94,26.06,586.6,225,0.12,0.12
1,dataflow,FAT,Annual,Number,A,UNK,IT,2015,95,,842.7,0.11,69.2,25.8,613.83,228.87,0.11,0.11
2,dataflow,FAT,Annual,Number,A,UNK,IT,2016,76,,884,0.09,55.36,20.64,643.9,240.1,0.09,0.09
3,dataflow,FAT,Annual,Number,A,UNK,IT,2017,62,,870.9,0.07,45.78,16.22,643.1,227.8,0.07,0.07
4,dataflow,FAT,Annual,Number,A,UNK,IT,2018,73,,859.4,0.08,53.34,19.66,627.9,231.5,0.08,0.08
5,dataflow,FAT,Annual,Number,A,UNK,IT,2019,90,,897.3,0.1,66.59,23.41,663.9,233.4,0.1,0.1
6,dataflow,FAT,Annual,Number,A,UNK,IT,2020,67,break in time series,907.3,0.07,49.9,17.1,675.8,231.5,0.07,0.07
7,dataflow,FAT,Annual,Number,A,UNK,IT,2021,81,,913.5,0.09,60.12,20.88,678,235.5,0.09,0.09
8,dataflow,FAT,Annual,Number,A,UNK,IT,2022,68,,874.9,0.08,50.27,17.73,646.8,228.1,0.08,0.08
9,dataflow,FAT,Annual,Number,A,UNK,IT,2023,76,,847.6,0.09,56.42,19.58,629.2,218.4,0.09,0.09
10,dataflow,FAT,Annual,Number,B,UNK,IT,2014,4,,38.9,0.1,3.6,0.4,35,3.9,0.1,0.1
11,dataflow,FAT,Annual,Number,B,UNK,IT,2015,7,,34.1,0.21,6.4,0.6,31.2,2.9,0.21,0.21
12,dataflow,FAT,Annual,Number,B,UNK,IT,2016,7,,32.5,0.22,6.1,0.9,28.3,4.2,0.22,0.22
13,dataflow,FAT,Annual,Number,B,UNK,IT,2017,3,,32.2,0.09,2.42,0.58,26,6.2,0.09,0.09
14,dataflow,FAT,Annual,Number,B,UNK,IT,2018,2,,24.8,0.08,1.7,0.3,21.1,3.7,0.08,0.08
15,dataflow,FAT,Annual,Number,B,UNK,IT,2019,2,,24.6,0.08,1.76,0.24,21.7,2.9,0.08,0.08
16,dataflow,FAT,Annual,Number,B,UNK,IT,2020,3,break in time series,32.7,0.09,2.58,0.42,28.1,4.6,0.09,0.09
17,dataflow,FAT,Annual,Number,B,UNK,IT,2021,2,,31,0.06,1.68,0.32,26.1,4.9,0.06,0.06
18,dataflow,FAT,Annual,Number,B,UNK,IT,2022,0,,31.4,0,0,0,27.79,3.61,0,0
19,dataflow,FAT,Annual,Number,B,UNK,IT,2023,3,,30.1,0.1,2.73,0.27,27.4,2.7,0.1,0.1
20,dataflow,FAT,Annual,Number,C,UNK,IT,2014,83,,4134.2,0.02,61.05,21.95,3040.8,1093.4,0.02,0.02
21,dataflow,FAT,Annual,Number,C,UNK,IT,2015,95,,4121.8,0.02,69.87,25.13,3031.5,1090.3,0.02,0.02
22,dataflow,FAT,Annual,Number,C,UNK,IT,2016,77,,4148.3,0.02,56.9,20.1,3065.4,1082.9,0.02,0.02
23,dataflow,FAT,Annual,Number,C,UNK,IT,2017,78,,4187.6,0.02,57.79,20.21,3102.7,1084.9,0.02,0.02
24,dataflow,FAT,Annual,Number,C,UNK,IT,2018,71,,4232.4,0.02,52.33,18.67,3119.3,1113.1,0.02,0.02
25,dataflow,FAT,Annual,Number,C,UNK,IT,2019,77,,4287.3,0.02,56.83,20.17,3164.53,1122.77,0.02,0.02
26,dataflow,FAT,Annual,Number,C,UNK,IT,2020,111,break in time series,4245,0.03,82.18,28.82,3142.9,1102.1,0.03,0.03
27,dataflow,FAT,Annual,Number,C,UNK,IT,2021,87,,4184.6,0.02,64.34,22.66,3094.9,1089.7,0.02,0.02
28,dataflow,FAT,Annual,Number,C,UNK,IT,2022,81,,4258.4,0.02,58.74,22.26,3088.2,1170.2,0.02,0.02
29,dataflow,FAT,Annual,Number,C,UNK,IT,2023,66,,4320.1,0.02,47.98,18.02,3140.6,1179.5,0.02,0.02
30,dataflow,FAT,Annual,Number,D,UNK,IT,2014,3,,107.8,0.03,2.32,0.68,83.2,24.6,0.03,0.03
31,dataflow,FAT,Annual,Number,D,UNK,IT,2015,7,,113.9,0.06,5.5,1.5,89.5,24.4,0.06,0.06
32,dataflow,FAT,Annual,Number,D,UNK,IT,2016,1,,125.5,0.01,0.78,0.22,97.6,27.9,0.01,0.01
33,dataflow,FAT,Annual,Number,D,UNK,IT,2017,2,,120.6,0.02,1.53,0.47,92.22,28.38,0.02,0.02
34,dataflow,FAT,Annual,Number,D,UNK,IT,2018,0,,108.1,0,0,0,79.4,28.7,0,0
35,dataflow,FAT,Annual,Number,D,UNK,IT,2019,1,,113.2,0.01,0.74,0.26,83.8,29.4,0.01,0.01
36,dataflow,FAT,Annual,Number,D,UNK,IT,2020,3,break in time series,115.7,0.03,2.26,0.74,87.2,28.5,0.03,0.03
37,dataflow,FAT,Annual,Number,D,UNK,IT,2021,3,,112.9,0.03,2.15,0.85,80.9,32,0.03,0.03
38,dataflow,FAT,Annual,Number,D,UNK,IT,2022,0,,118.1,0,0,0,83.57,34.53,0,0
39,dataflow,FAT,Annual,Number,D,UNK,IT,2023,1,,146.4,0.01,0.73,0.27,107.1,39.3,0.01,0.01
40,dataflow,FAT,Annual,Number,E,UNK,IT,2014,17,,228.4,0.07,14.64,2.36,196.69,31.71,0.07,0.07
41,dataflow,FAT,Annual,Number,E,UNK,IT,2015,8,,237.6,0.03,6.84,1.16,203.29,34.31,0.03,0.03
42,dataflow,FAT,Annual,Number,E,UNK,IT,2016,8,,234.8,0.03,6.95,1.05,203.9,30.9,0.03,0.03
43,dataflow,FAT,Annual,Number,E,UNK,IT,2017,8,,230.2,0.03,7.01,0.99,201.59,28.61,0.03,0.03
44,dataflow,FAT,Annual,Number,E,UNK,IT,2018,16,,246.3,0.06,13.79,2.21,212.3,34,0.06,0.06
45,dataflow,FAT,Annual,Number,E,UNK,IT,2019,10,,241,0.04,8.4,1.6,202.5,38.5,0.04,0.04
46,dataflow,FAT,Annual,Number,E,UNK,IT,2020,11,break in time series,241.1,0.05,9.15,1.85,200.6,40.5,0.05,0.05
47,dataflow,FAT,Annual,Number,E,UNK,IT,2021,11,,248.9,0.04,9.07,1.93,205.12,43.78,0.04,0.04
48,dataflow,FAT,Annual,Number,E,UNK,IT,2022,8,,248.5,0.03,6.58,1.42,204.32,44.18,0.03,0.03
49,dataflow,FAT,Annual,Number,E,UNK,IT,2023,13,,253.6,0.05,10.85,2.15,211.62,41.98,0.05,0.05
50,dataflow,FAT,Annual,Number,F,UNK,IT,2014,105,,1483.9,0.07,98.21,6.79,1387.9,96,0.07,0.07
51,dataflow,FAT,Annual,Number,F,UNK,IT,2015,133,,1468.2,0.09,124.43,8.57,1373.6,94.6,0.09,0.09
52,dataflow,FAT,Annual,Number,F,UNK,IT,2016,115,,1403.7,0.08,107.74,7.26,1315.1,88.6,0.08,0.08
53,dataflow,FAT,Annual,Number,F,UNK,IT,2017,89,,1415.8,0.06,83.24,5.76,1324.09,91.71,0.06,0.06
54,dataflow,FAT,Annual,Number,F,UNK,IT,2018,123,,1385.3,0.09,114.88,8.12,1293.79,91.51,0.09,0.09
55,dataflow,FAT,Annual,Number,F,UNK,IT,2019,92,,1323.1,0.07,85.88,6.12,1235.1,88,0.07,0.07
56,dataflow,FAT,Annual,Number,F,UNK,IT,2020,103,break in time series,1341.5,0.08,95.2,7.8,1239.9,101.6,0.08,0.08
57,dataflow,FAT,Annual,Number,F,UNK,IT,2021,133,,1430.8,0.09,123.26,9.74,1326,104.8,0.09,0.09
58,dataflow,FAT,Annual,Number,F,UNK,IT,2022,106,,1550.7,0.07,98.04,7.96,1434.2,116.5,0.07,0.07
59,dataflow,FAT,Annual,Number,F,UNK,IT,2023,141,,1530.9,0.09,130.53,10.47,1417.2,113.7,0.09,0.09
60,dataflow,FAT,Annual,Number,G,UNK,IT,2014,38,,3226.5,0.01,22.24,15.76,1888,1338.5,0.01,0.01
61,dataflow,FAT,Annual,Number,G,UNK,IT,2015,40,,3194,0.01,23.42,16.58,1869.84,1324.16,0.01,0.01
62,dataflow,FAT,Annual,Number,G,UNK,IT,2016,37,,3241.3,0.01,21.99,15.01,1926.66,1314.64,0.01,0.01
63,dataflow,FAT,Annual,Number,G,UNK,IT,2017,43,,3287.1,0.01,25.45,17.55,1945.5,1341.6,0.01,0.01
64,dataflow,FAT,Annual,Number,G,UNK,IT,2018,28,,3255.5,0.01,16.57,11.43,1926.14,1329.36,0.01,0.01
65,dataflow,FAT,Annual,Number,G,UNK,IT,2019,26,,3256,0.01,15.2,10.8,1903,1353,0.01,0.01
66,dataflow,FAT,Annual,Number,G,UNK,IT,2020,58,break in time series,3154.9,0.02,33.64,24.36,1830,1324.9,0.02,0.02
67,dataflow,FAT,Annual,Number,G,UNK,IT,2021,50,,3106.6,0.02,29.15,20.85,1811.04,1295.56,0.02,0.02
68,dataflow,FAT,Annual,Number,G,UNK,IT,2022,43,,3137.1,0.01,25.06,17.94,1828.4,1308.7,0.01,0.01
69,dataflow,FAT,Annual,Number,G,UNK,IT,2023,44,,3189.8,0.01,25.3,18.7,1833.94,1355.86,0.01,0.01
70,dataflow,FAT,Annual,Number,H,UNK,IT,2014,59,,1039.1,0.06,46.91,12.09,826.22,212.88,0.06,0.06
71,dataflow,FAT,Annual,Number,H,UNK,IT,2015,66,,1033,0.06,52.35,13.65,819.32,213.68,0.06,0.06
72,dataflow,FAT,Annual,Number,H,UNK,IT,2016,64,,1084.9,0.06,50.96,13.04,863.8,221.1,0.06,0.06
73,dataflow,FAT,Annual,Number,H,UNK,IT,2017,58,,1109.5,0.05,46.33,11.67,886.32,223.18,0.05,0.05
74,dataflow,FAT,Annual,Number,H,UNK,IT,2018,71,,1117.7,0.06,56.34,14.66,886.92,230.78,0.06,0.06
75,dataflow,FAT,Annual,Number,H,UNK,IT,2019,57,,1131.8,0.05,45.24,11.76,898.2,233.6,0.05,0.05
76,dataflow,FAT,Annual,Number,H,UNK,IT,2020,77,break in time series,1114.2,0.07,61.31,15.69,887.2,227,0.07,0.07
77,dataflow,FAT,Annual,Number,H,UNK,IT,2021,89,,1141.3,0.08,71.37,17.63,915.2,226.1,0.08,0.08
78,dataflow,FAT,Annual,Number,H,UNK,IT,2022,71,,1167.3,0.06,56.54,14.46,929.5,237.8,0.06,0.06
79,dataflow,FAT,Annual,Number,H,UNK,IT,2023,56,,1180,0.05,44.37,11.63,935,245,0.05,0.05
80,dataflow,FAT,Annual,Number,I,UNK,IT,2014,22,,1269.4,0.02,10.63,11.37,613.3,656.1,0.02,0.02
81,dataflow,FAT,Annual,Number,I,UNK,IT,2015,10,,1333.9,0.01,4.99,5.01,665.4,668.5,0.01,0.01
82,dataflow,FAT,Annual,Number,I,UNK,IT,2016,16,,1394.9,0.01,7.82,8.18,682.1,712.8,0.01,0.01
83,dataflow,FAT,Annual,Number,I,UNK,IT,2017,18,,1451,0.01,8.9,9.1,717.5,733.5,0.01,0.01
84,dataflow,FAT,Annual,Number,I,UNK,IT,2018,17,,1438.8,0.01,8.35,8.65,707.05,731.75,0.01,0.01
85,dataflow,FAT,Annual,Number,I,UNK,IT,2019,18,,1456.8,0.01,8.88,9.12,718.6,738.2,0.01,0.01
86,dataflow,FAT,Annual,Number,I,UNK,IT,2020,13,break in time series,1291,0.01,6.61,6.39,656.15,634.85,0.01,0.01
87,dataflow,FAT,Annual,Number,I,UNK,IT,2021,12,,1202.8,0.01,5.87,6.13,588.1,614.7,0.01,0.01
88,dataflow,FAT,Annual,Number,I,UNK,IT,2022,15,,1405,0.01,7.48,7.52,700.9,704.1,0.01,0.01
89,dataflow,FAT,Annual,Number,I,UNK,IT,2023,12,,1511.1,0.01,5.97,6.03,751.6,759.5,0.01,0.01
90,dataflow,FAT,Annual,Number,J,UNK,IT,2014,4,,551.4,0.01,2.83,1.17,390.3,161.1,0.01,0.01
91,dataflow,FAT,Annual,Number,J,UNK,IT,2015,1,,561.5,0,0.69,0.31,388.9,172.6,0,0
92,dataflow,FAT,Annual,Number,J,UNK,IT,2016,3,,562,0.01,2.06,0.94,386.6,175.4,0.01,0.01
93,dataflow,FAT,Annual,Number,J,UNK,IT,2017,5,,564.7,0.01,3.49,1.51,394.6,170.1,0.01,0.01
94,dataflow,FAT,Annual,Number,J,UNK,IT,2018,1,,598.6,0,0.71,0.29,426.9,171.7,0,0
95,dataflow,FAT,Annual,Number,J,UNK,IT,2019,4,,614,0.01,2.82,1.18,432.5,181.5,0.01,0.01
96,dataflow,FAT,Annual,Number,J,UNK,IT,2020,2,break in time series,614.7,0,1.4,0.6,429.5,185.2,0,0
97,dataflow,FAT,Annual,Number,J,UNK,IT,2021,4,,655.7,0.01,2.8,1.2,459.3,196.4,0.01,0.01
98,dataflow,FAT,Annual,Number,J,UNK,IT,2022,7,,688.5,0.01,4.86,2.14,478.1,210.4,0.01,0.01
99,dataflow,FAT,Annual,Number,J,UNK,IT,2023,3,,776.1,0,2.12,0.88,547.57,228.53,0,0
100,dataflow,FAT,Annual,Number,K,UNK,IT,2014,7,,611.6,0.01,3.82,3.18,334,277.6,0.01,0.01
101,dataflow,FAT,Annual,Number,K,UNK,IT,2015,1,,643.7,0,0.55,0.45,352.3,291.4,0,0
102,dataflow,FAT,Annual,Number,K,UNK,IT,2016,1,,648.8,0,0.56,0.44,362.86,285.94,0,0
103,dataflow,FAT,Annual,Number,K,UNK,IT,2017,1,,637.7,0,0.55,0.45,352.1,285.6,0,0
104,dataflow,FAT,Annual,Number,K,UNK,IT,2018,3,,638.9,0,1.67,1.33,355.66,283.24,0,0
105,dataflow,FAT,Annual,Number,K,UNK,IT,2019,0,,633.5,0,0,0,347.7,285.8,0,0
106,dataflow,FAT,Annual,Number,K,UNK,IT,2020,7,break in time series,616.3,0.01,3.72,3.28,327.7,288.6,0.01,0.01
107,dataflow,FAT,Annual,Number,K,UNK,IT,2021,2,,625.1,0,1.04,0.96,325.5,299.6,0,0
108,dataflow,FAT,Annual,Number,K,UNK,IT,2022,1,,605.1,0,0.53,0.47,319.95,285.15,0,0
109,dataflow,FAT,Annual,Number,K,UNK,IT,2023,0,,606.7,0,0,0,338.66,268.04,0,0
110,dataflow,FAT,Annual,Number,L,UNK,IT,2014,5,,125.7,0.04,2.93,2.07,73.7,52,0.04,0.04
111,dataflow,FAT,Annual,Number,L,UNK,IT,2015,2,,132.3,0.02,1.12,0.88,74.1,58.2,0.02,0.02
112,dataflow,FAT,Annual,Number,L,UNK,IT,2016,0,,140.6,0,0,0,77.2,63.4,0,0
113,dataflow,FAT,Annual,Number,L,UNK,IT,2017,3,,144.2,0.02,1.72,1.28,82.7,61.5,0.02,0.02
114,dataflow,FAT,Annual,Number,L,UNK,IT,2018,3,,147.9,0.02,1.73,1.27,85.34,62.56,0.02,0.02
115,dataflow,FAT,Annual,Number,L,UNK,IT,2019,4,,162.4,0.02,2.14,1.86,86.9,75.5,0.02,0.02
116,dataflow,FAT,Annual,Number,L,UNK,IT,2020,0,break in time series,153.3,0,0,0,77,76.3,0,0
117,dataflow,FAT,Annual,Number,L,UNK,IT,2021,1,,136.1,0.01,0.55,0.45,75,61.1,0.01,0.01
118,dataflow,FAT,Annual,Number,L,UNK,IT,2022,3,,156.1,0.02,1.65,1.35,86.1,70,0.02,0.02
119,dataflow,FAT,Annual,Number,L,UNK,IT,2023,1,,158.9,0.01,0.53,0.47,84.7,74.2,0.01,0.01
120,dataflow,FAT,Annual,Number,M,UNK,IT,2014,6,,1403.4,0,3.26,2.74,762.9,640.5,0,0
121,dataflow,FAT,Annual,Number,M,UNK,IT,2015,6,,1415.8,0,3.32,2.68,782.4,633.4,0,0
122,dataflow,FAT,Annual,Number,M,UNK,IT,2016,7,,1459.2,0,3.81,3.19,793.5,665.7,0,0
123,dataflow,FAT,Annual,Number,M,UNK,IT,2017,7,,1457.3,0,3.75,3.25,781.6,675.7,0,0
124,dataflow,FAT,Annual,Number,M,UNK,IT,2018,7,,1476.5,0,3.76,3.24,792.45,684.05,0,0
125,dataflow,FAT,Annual,Number,M,UNK,IT,2019,5,,1508.6,0,2.66,2.34,801.8,706.8,0,0
126,dataflow,FAT,Annual,Number,M,UNK,IT,2020,16,break in time series,1495.1,0.01,8.63,7.37,806.4,688.7,0.01,0.01
127,dataflow,FAT,Annual,Number,M,UNK,IT,2021,6,,1484,0,3.25,2.75,803.15,680.85,0,0
128,dataflow,FAT,Annual,Number,M,UNK,IT,2022,3,,1513.1,0,1.61,1.39,814.4,698.7,0,0
129,dataflow,FAT,Annual,Number,M,UNK,IT,2023,4,,1595.7,0,2.15,1.85,857.3,738.4,0,0
130,dataflow,FAT,Annual,Number,N,UNK,IT,2014,16,,907.4,0.02,7.38,8.62,418.7,488.7,0.02,0.02
131,dataflow,FAT,Annual,Number,N,UNK,IT,2015,16,,968.3,0.02,7.63,8.37,461.6,506.7,0.02,0.02
132,dataflow,FAT,Annual,Number,N,UNK,IT,2016,12,,991.3,0.01,5.64,6.36,465.8,525.5,0.01,0.01
133,dataflow,FAT,Annual,Number,N,UNK,IT,2017,24,,965.6,0.02,11.31,12.69,454.95,510.65,0.02,0.02
134,dataflow,FAT,Annual,Number,N,UNK,IT,2018,27,,995.2,0.03,12.79,14.21,471.3,523.9,0.03,0.03
135,dataflow,FAT,Annual,Number,N,UNK,IT,2019,22,,1016.5,0.02,10.54,11.46,486.8,529.7,0.02,0.02
136,dataflow,FAT,Annual,Number,N,UNK,IT,2020,23,break in time series,952.5,0.02,10.89,12.11,450.95,501.55,0.02,0.02
137,dataflow,FAT,Annual,Number,N,UNK,IT,2021,32,,980.1,0.03,15.1,16.9,462.5,517.6,0.03,0.03
138,dataflow,FAT,Annual,Number,N,UNK,IT,2022,18,,1006.5,0.02,8.54,9.46,477.75,528.75,0.02,0.02
139,dataflow,FAT,Annual,Number,N,UNK,IT,2023,25,,973.4,0.03,11.91,13.09,463.65,509.75,0.03,0.03
140,dataflow,FAT,Annual,Number,O,UNK,IT,2014,8,,1279.7,0.01,5.26,2.74,841.5,438.2,0.01,0.01
141,dataflow,FAT,Annual,Number,O,UNK,IT,2015,7,,1293.3,0.01,4.72,2.28,872.43,420.87,0.01,0.01
142,dataflow,FAT,Annual,Number,O,UNK,IT,2016,9,,1262.2,0.01,6.01,2.99,842.5,419.7,0.01,0.01
143,dataflow,FAT,Annual,Number,O,UNK,IT,2017,5,,1259.9,0,3.28,1.72,826.1,433.8,0,0
144,dataflow,FAT,Annual,Number,O,UNK,IT,2018,11,,1235.1,0.01,7.15,3.85,802.6,432.5,0.01,0.01
145,dataflow,FAT,Annual,Number,O,UNK,IT,2019,9,,1235.8,0.01,5.86,3.14,804.9,430.9,0.01,0.01
146,dataflow,FAT,Annual,Number,O,UNK,IT,2020,55,break in time series,1199.6,0.05,35.69,19.31,778.4,421.2,0.05,0.05
147,dataflow,FAT,Annual,Number,O,UNK,IT,2021,36,,1147.7,0.03,23.3,12.7,742.9,404.8,0.03,0.03
148,dataflow,FAT,Annual,Number,O,UNK,IT,2022,5,,1142.2,0,3.27,1.73,746.4,395.8,0,0
149,dataflow,FAT,Annual,Number,O,UNK,IT,2023,9,,1181.8,0.01,5.83,3.17,765.7,416.1,0.01,0.01
150,dataflow,FAT,Annual,Number,P,UNK,IT,2014,0,,1513.3,0,0,0,384.8,1128.5,0,0
151,dataflow,FAT,Annual,Number,P,UNK,IT,2015,0,,1508.6,0,0,0,373.2,1135.4,0,0
152,dataflow,FAT,Annual,Number,P,UNK,IT,2016,0,,1542.8,0,0,0,380.3,1162.5,0,0
153,dataflow,FAT,Annual,Number,P,UNK,IT,2017,1,,1614.1,0,0.25,0.75,396.98,1217.12,0,0
154,dataflow,FAT,Annual,Number,P,UNK,IT,2018,2,,1578.6,0,0.49,1.51,385.4,1193.2,0,0
155,dataflow,FAT,Annual,Number,P,UNK,IT,2019,3,,1580,0,0.74,2.26,388,1192,0,0
156,dataflow,FAT,Annual,Number,P,UNK,IT,2020,2,break in time series,1613.7,0,0.5,1.5,405.57,1208.13,0,0
157,dataflow,FAT,Annual,Number,P,UNK,IT,2021,3,,1615.2,0,0.74,2.26,396.4,1218.8,0,0
158,dataflow,FAT,Annual,Number,P,UNK,IT,2022,3,,1603.9,0,0.76,2.24,406.6,1197.3,0,0
159,dataflow,FAT,Annual,Number,P,UNK,IT,2023,2,,1670.6,0,0.48,1.52,404.08,1266.52,0,0
160,dataflow,FAT,Annual,Number,Q,UNK,IT,2014,5,,1804.2,0,1.52,3.48,547.23,1256.97,0,0
161,dataflow,FAT,Annual,Number,Q,UNK,IT,2015,8,,1796.3,0,2.43,5.57,546.3,1250,0,0
162,dataflow,FAT,Annual,Number,Q,UNK,IT,2016,5,,1831.4,0,1.53,3.47,560.8,1270.6,0,0
163,dataflow,FAT,Annual,Number,Q,UNK,IT,2017,10,,1863.4,0.01,2.99,7.01,557.43,1305.97,0.01,0.01
164,dataflow,FAT,Annual,Number,Q,UNK,IT,2018,6,,1879.5,0,1.8,4.2,564.2,1315.3,0,0
165,dataflow,FAT,Annual,Number,Q,UNK,IT,2019,4,,1909.8,0,1.21,2.79,576.5,1333.3,0,0
166,dataflow,FAT,Annual,Number,Q,UNK,IT,2020,95,break in time series,1863.6,0.05,28.19,66.81,552.93,1310.67,0.05,0.05
167,dataflow,FAT,Annual,Number,Q,UNK,IT,2021,13,,1887.3,0.01,3.79,9.21,550.8,1336.5,0.01,0.01
168,dataflow,FAT,Annual,Number,Q,UNK,IT,2022,10,,1882.7,0.01,2.9,7.1,546.37,1336.33,0.01,0.01
169,dataflow,FAT,Annual,Number,Q,UNK,IT,2023,7,,1931.6,0,1.99,5.01,549.9,1381.7,0,0
170,dataflow,FAT,Annual,Number,R,UNK,IT,2014,3,,297.8,0.01,1.62,1.38,160.85,136.95,0.01,0.01
171,dataflow,FAT,Annual,Number,R,UNK,IT,2015,0,,303.2,0,0,0,160.9,142.3,0,0
172,dataflow,FAT,Annual,Number,R,UNK,IT,2016,4,,323.6,0.01,2.15,1.85,174.3,149.3,0.01,0.01
173,dataflow,FAT,Annual,Number,R,UNK,IT,2017,7,,334.1,0.02,4.07,2.93,194.2,139.9,0.02,0.02
174,dataflow,FAT,Annual,Number,R,UNK,IT,2018,2,,304.9,0.01,1.17,0.83,178.7,126.2,0.01,0.01
175,dataflow,FAT,Annual,Number,R,UNK,IT,2019,2,,315.2,0.01,1.16,0.84,182.3,132.9,0.01,0.01
176,dataflow,FAT,Annual,Number,R,UNK,IT,2020,2,break in time series,301.8,0.01,1.17,0.83,176.56,125.24,0.01,0.01
177,dataflow,FAT,Annual,Number,R,UNK,IT,2021,1,,264.1,0,0.57,0.43,150.3,113.8,0,0
178,dataflow,FAT,Annual,Number,R,UNK,IT,2022,3,,307.7,0.01,1.7,1.3,173.9,133.8,0.01,0.01
179,dataflow,FAT,Annual,Number,R,UNK,IT,2023,1,,334.2,0,0.57,0.43,191.8,142.4,0,0
180,dataflow,FAT,Annual,Number,S,UNK,IT,2014,2,,652.1,0,0.76,1.24,248.74,403.36,0,0
181,dataflow,FAT,Annual,Number,S,UNK,IT,2015,6,,658.8,0.01,2.33,3.67,255.56,403.24,0.01,0.01
182,dataflow,FAT,Annual,Number,S,UNK,IT,2016,4,,667.4,0.01,1.56,2.44,260.8,406.6,0.01,0.01
183,dataflow,FAT,Annual,Number,S,UNK,IT,2017,4,,693.5,0.01,1.53,2.47,265.56,427.94,0.01,0.01
184,dataflow,FAT,Annual,Number,S,UNK,IT,2018,8,,706.6,0.01,3.04,4.96,268.34,438.26,0.01,0.01
185,dataflow,FAT,Annual,Number,S,UNK,IT,2019,3,,704.3,0,1.14,1.86,268.6,435.7,0,0
186,dataflow,FAT,Annual,Number,S,UNK,IT,2020,8,break in time series,706.7,0.01,3.1,4.9,273.54,433.16,0.01,0.01
187,dataflow,FAT,Annual,Number,S,UNK,IT,2021,6,,703.3,0.01,2.23,3.77,261.36,441.94,0.01,0.01
188,dataflow,FAT,Annual,Number,S,UNK,IT,2022,5,,745.9,0.01,1.79,3.21,267.1,478.8,0.01,0.01
189,dataflow,FAT,Annual,Number,S,UNK,IT,2023,4,,709.5,0.01,1.38,2.62,245.53,463.97,0.01,0.01
190,dataflow,FAT,Annual,Number,T,UNK,IT,2014,0,,776.1,0,0,0,114.7,661.4,0,0
191,dataflow,FAT,Annual,Number,T,UNK,IT,2015,0,,786.5,0,0,0,110,676.5,0,0
192,dataflow,FAT,Annual,Number,T,UNK,IT,2016,0,,763,0,0,0,93.7,669.3,0,0
193,dataflow,FAT,Annual,Number,T,UNK,IT,2017,1,,763.4,0,0.12,0.88,95.39,668.01,0,0
194,dataflow,FAT,Annual,Number,T,UNK,IT,2018,0,,736.9,0,0,0,90.1,646.8,0,0
195,dataflow,FAT,Annual,Number,T,UNK,IT,2019,0,,711.4,0,0,0,84.9,626.5,0,0
196,dataflow,FAT,Annual,Number,T,UNK,IT,2020,0,break in time series,640,0,0,0,79.41,560.59,0,0
197,dataflow,FAT,Annual,Number,T,UNK,IT,2021,0,,666.4,0,0,0,81.6,584.8,0,0
198,dataflow,FAT,Annual,Number,T,UNK,IT,2022,0,,637.4,0,0,0,81.1,556.3,0,0
199,dataflow,FAT,Annual,Number,T,UNK,IT,2023,0,,614.6,0,0,0,78.9,535.7,0,0
200,dataflow,FAT,Annual,Number,U,UNK,IT,2014,0,,16,0,0,0,9.8,6.2,0,0
201,dataflow,FAT,Annual,Number,U,UNK,IT,2015,0,,16.6,0,0,0,9.1,7.5,0,0
202,dataflow,FAT,Annual,Number,U,UNK,IT,2016,0,,15.4,0,0,0,7.7,7.7,0,0
203,dataflow,FAT,Annual,Number,U,UNK,IT,2017,0,,19.1,0,0,0,7.8,11.3,0,0
204,dataflow,FAT,Annual,Number,U,UNK,IT,2018,0,,17.5,0,0,0,9.1,8.4,0,0
205,dataflow,FAT,Annual,Number,U,UNK,IT,2019,0,,13.7,0,0,0,7.15,6.55,0,0
206,dataflow,FAT,Annual,Number,U,UNK,IT,2020,0,break in time series,17,0,0,0,9.35,7.65,0,0
207,dataflow,FAT,Annual,Number,U,UNK,IT,2021,0,,16.4,0,0,0,9.4,7,0,0
208,dataflow,FAT,Annual,Number,U,UNK,IT,2022,0,,18.9,0,0,0,8.9,10,0,0
209,dataflow,FAT,Annual,Number,U,UNK,IT,2023,0,,17.3,0,0,0,10,7.3,0,0
210,dataflow,D_GE4,Annual,Number,A,F,IT,2014,6955,,811.6,8.57,0,6955,0,811.6,0,8.57
211,dataflow,D_GE4,Annual,Number,A,F,IT,2015,6420,,842.7,7.62,0,6420,0,842.7,0,7.62
212,dataflow,D_GE4,Annual,Number,A,F,IT,2016,6036,,884,6.83,0,6036,0,884,0,6.83
213,dataflow,D_GE4,Annual,Number,A,F,IT,2017,5694,,870.9,6.54,0,5694,0,870.9,0,6.54
214,dataflow,D_GE4,Annual,Number,A,F,IT,2018,5447,,859.4,6.34,0,5447,0,859.4,0,6.34
215,dataflow,D_GE4,Annual,Number,A,F,IT,2019,5261,,897.3,5.86,0,5261,0,897.3,0,5.86
216,dataflow,D_GE4,Annual,Number,A,F,IT,2020,5138,break in time series,907.3,5.66,0,5138,0,907.3,0,5.66
217,dataflow,D_GE4,Annual,Number,A,F,IT,2021,5061,,913.5,5.54,0,5061,0,913.5,0,5.54
218,dataflow,D_GE4,Annual,Number,A,F,IT,2022,3495,,874.9,3.99,0,3495,0,874.9,0,3.99
219,dataflow,D_GE4,Annual,Number,A,F,IT,2023,3923,,847.6,4.63,0,3923,0,847.6,0,4.63
220,dataflow,D_GE4,Annual,Number,A,M,IT,2014,25582,,811.6,31.52,25582,0,811.6,0,31.52,0
221,dataflow,D_GE4,Annual,Number,A,M,IT,2015,24675,,842.7,29.28,24675,0,842.7,0,29.28,0
222,dataflow,D_GE4,Annual,Number,A,M,IT,2016,23186,,884,26.23,23186,0,884,0,26.23,0
223,dataflow,D_GE4,Annual,Number,A,M,IT,2017,21967,,870.9,25.22,21967,0,870.9,0,25.22,0
224,dataflow,D_GE4,Annual,Number,A,M,IT,2018,21260,,859.4,24.74,21260,0,859.4,0,24.74,0
225,dataflow,D_GE4,Annual,Number,A,M,IT,2019,20794,,897.3,23.17,20794,0,897.3,0,23.17,0
226,dataflow,D_GE4,Annual,Number,A,M,IT,2020,17146,break in time series,907.3,18.9,17146,0,907.3,0,18.9,0
227,dataflow,D_GE4,Annual,Number,A,M,IT,2021,17337,,913.5,18.98,17337,0,913.5,0,18.98,0
228,dataflow,D_GE4,Annual,Number,A,M,IT,2022,16231,,874.9,18.55,16231,0,874.9,0,18.55,0
229,dataflow,D_GE4,Annual,Number,A,M,IT,2023,16508,,847.6,19.48,16508,0,847.6,0,19.48,0
230,dataflow,D_GE4,Annual,Number,A,UNK,IT,2014,0,,811.6,0,0,0,586.6,225,0,0
231,dataflow,D_GE4,Annual,Number,A,UNK,IT,2015,0,,842.7,0,0,0,613.83,228.87,0,0
232,dataflow,D_GE4,Annual,Number,A,UNK,IT,2016,0,,884,0,0,0,643.9,240.1,0,0
233,dataflow,D_GE4,Annual,Number,A,UNK,IT,2017,0,,870.9,0,0,0,643.1,227.8,0,0
234,dataflow,D_GE4,Annual,Number,A,UNK,IT,2018,0,,859.4,0,0,0,627.9,231.5,0,0
235,dataflow,D_GE4,Annual,Number,A,UNK,IT,2019,0,,897.3,0,0,0,663.9,233.4,0,0
236,dataflow,D_GE4,Annual,Number,A,UNK,IT,2020,0,break in time series,907.3,0,0,0,675.8,231.5,0,0
237,dataflow,D_GE4,Annual,Number,A,UNK,IT,2021,0,,913.5,0,0,0,678,235.5,0,0
238,dataflow,D_GE4,Annual,Number,A,UNK,IT,2022,0,,874.9,0,0,0,646.8,228.1,0,0
239,dataflow,D_GE4,Annual,Number,A,UNK,IT,2023,0,,847.6,0,0,0,629.2,218.4,0,0
240,dataflow,D_GE4,Annual,Number,B,F,IT,2014,20,,38.9,0.51,0,20,0,38.9,0,0.51
241,dataflow,D_GE4,Annual,Number,B,F,IT,2015,16,,34.1,0.47,0,16,0,34.1,0,0.47
242,dataflow,D_GE4,Annual,Number,B,F,IT,2016,8,,32.5,0.25,0,8,0,32.5,0,0.25
243,dataflow,D_GE4,Annual,Number,B,F,IT,2017,8,,32.2,0.25,0,8,0,32.2,0,0.25
244,dataflow,D_GE4,Annual,Number,B,F,IT,2018,16,,24.8,0.65,0,16,0,24.8,0,0.65
245,dataflow,D_GE4,Annual,Number,B,F,IT,2019,11,,24.6,0.45,0,11,0,24.6,0,0.45
246,dataflow,D_GE4,Annual,Number,B,F,IT,2020,6,break in time series,32.7,0.18,0,6,0,32.7,0,0.18
247,dataflow,D_GE4,Annual,Number,B,F,IT,2021,7,,31,0.23,0,7,0,31,0,0.23
248,dataflow,D_GE4,Annual,Number,B,F,IT,2022,9,,31.4,0.29,0,9,0,31.4,0,0.29
249,dataflow,D_GE4,Annual,Number,B,F,IT,2023,2,,30.1,0.07,0,2,0,30.1,0,0.07
250,dataflow,D_GE4,Annual,Number,B,M,IT,2014,473,,38.9,12.16,473,0,38.9,0,12.16,0
251,dataflow,D_GE4,Annual,Number,B,M,IT,2015,395,,34.1,11.58,395,0,34.1,0,11.58,0
252,dataflow,D_GE4,Annual,Number,B,M,IT,2016,436,,32.5,13.42,436,0,32.5,0,13.42,0
253,dataflow,D_GE4,Annual,Number,B,M,IT,2017,398,,32.2,12.36,398,0,32.2,0,12.36,0
254,dataflow,D_GE4,Annual,Number,B,M,IT,2018,377,,24.8,15.2,377,0,24.8,0,15.2,0
255,dataflow,D_GE4,Annual,Number,B,M,IT,2019,380,,24.6,15.45,380,0,24.6,0,15.45,0
256,dataflow,D_GE4,Annual,Number,B,M,IT,2020,325,break in time series,32.7,9.94,325,0,32.7,0,9.94,0
257,dataflow,D_GE4,Annual,Number,B,M,IT,2021,365,,31,11.77,365,0,31,0,11.77,0
258,dataflow,D_GE4,Annual,Number,B,M,IT,2022,286,,31.4,9.11,286,0,31.4,0,9.11,0
259,dataflow,D_GE4,Annual,Number,B,M,IT,2023,276,,30.1,9.17,276,0,30.1,0,9.17,0
260,dataflow,D_GE4,Annual,Number,B,UNK,IT,2014,0,,38.9,0,0,0,35,3.9,0,0
261,dataflow,D_GE4,Annual,Number,B,UNK,IT,2015,0,,34.1,0,0,0,31.2,2.9,0,0
262,dataflow,D_GE4,Annual,Number,B,UNK,IT,2016,0,,32.5,0,0,0,28.3,4.2,0,0
263,dataflow,D_GE4,Annual,Number,B,UNK,IT,2017,0,,32.2,0,0,0,26,6.2,0,0
264,dataflow,D_GE4,Annual,Number,B,UNK,IT,2018,0,,24.8,0,0,0,21.1,3.7,0,0
265,dataflow,D_GE4,Annual,Number,B,UNK,IT,2019,0,,24.6,0,0,0,21.7,2.9,0,0
266,dataflow,D_GE4,Annual,Number,B,UNK,IT,2020,0,break in time series,32.7,0,0,0,28.1,4.6,0,0
267,dataflow,D_GE4,Annual,Number,B,UNK,IT,2021,0,,31,0,0,0,26.1,4.9,0,0
268,dataflow,D_GE4,Annual,Number,B,UNK,IT,2022,0,,31.4,0,0,0,27.79,3.61,0,0
269,dataflow,D_GE4,Annual,Number,B,UNK,IT,2023,0,,30.1,0,0,0,27.4,2.7,0,0
270,dataflow,D_GE4,Annual,Number,C,F,IT,2014,8242,,4134.2,1.99,0,8242,0,4134.2,0,1.99
271,dataflow,D_GE4,Annual,Number,C,F,IT,2015,7687,,4121.8,1.86,0,7687,0,4121.8,0,1.86
272,dataflow,D_GE4,Annual,Number,C,F,IT,2016,7667,,4148.3,1.85,0,7667,0,4148.3,0,1.85
273,dataflow,D_GE4,Annual,Number,C,F,IT,2017,7900,,4187.6,1.89,0,7900,0,4187.6,0,1.89
274,dataflow,D_GE4,Annual,Number,C,F,IT,2018,7761,,4232.4,1.83,0,7761,0,4232.4,0,1.83
275,dataflow,D_GE4,Annual,Number,C,F,IT,2019,7611,,4287.3,1.78,0,7611,0,4287.3,0,1.78
276,dataflow,D_GE4,Annual,Number,C,F,IT,2020,6434,break in time series,4245,1.52,0,6434,0,4245,0,1.52
277,dataflow,D_GE4,Annual,Number,C,F,IT,2021,6796,,4184.6,1.62,0,6796,0,4184.6,0,1.62
278,dataflow,D_GE4,Annual,Number,C,F,IT,2022,7454,,4258.4,1.75,0,7454,0,4258.4,0,1.75
279,dataflow,D_GE4,Annual,Number,C,F,IT,2023,7466,,4320.1,1.73,0,7466,0,4320.1,0,1.73
280,dataflow,D_GE4,Annual,Number,C,M,IT,2014,60056,,4134.2,14.53,60056,0,4134.2,0,14.53,0
281,dataflow,D_GE4,Annual,Number,C,M,IT,2015,58389,,4121.8,14.17,58389,0,4121.8,0,14.17,0
282,dataflow,D_GE4,Annual,Number,C,M,IT,2016,58188,,4148.3,14.03,58188,0,4148.3,0,14.03,0
283,dataflow,D_GE4,Annual,Number,C,M,IT,2017,59046,,4187.6,14.1,59046,0,4187.6,0,14.1,0
284,dataflow,D_GE4,Annual,Number,C,M,IT,2018,58375,,4232.4,13.79,58375,0,4232.4,0,13.79,0
285,dataflow,D_GE4,Annual,Number,C,M,IT,2019,55354,,4287.3,12.91,55354,0,4287.3,0,12.91,0
286,dataflow,D_GE4,Annual,Number,C,M,IT,2020,40975,break in time series,4245,9.65,40975,0,4245,0,9.65,0
287,dataflow,D_GE4,Annual,Number,C,M,IT,2021,51734,,4184.6,12.36,51734,0,4184.6,0,12.36,0
288,dataflow,D_GE4,Annual,Number,C,M,IT,2022,53742,,4258.4,12.62,53742,0,4258.4,0,12.62,0
289,dataflow,D_GE4,Annual,Number,C,M,IT,2023,53543,,4320.1,12.39,53543,0,4320.1,0,12.39,0
290,dataflow,D_GE4,Annual,Number,C,UNK,IT,2014,0,,4134.2,0,0,0,3040.8,1093.4,0,0
291,dataflow,D_GE4,Annual,Number,C,UNK,IT,2015,0,,4121.8,0,0,0,3031.5,1090.3,0,0
292,dataflow,D_GE4,Annual,Number,C,UNK,IT,2016,0,,4148.3,0,0,0,3065.4,1082.9,0,0
293,dataflow,D_GE4,Annual,Number,C,UNK,IT,2017,0,,4187.6,0,0,0,3102.7,1084.9,0,0
294,dataflow,D_GE4,Annual,Number,C,UNK,IT,2018,0,,4232.4,0,0,0,3119.3,1113.1,0,0
295,dataflow,D_GE4,Annual,Number,C,UNK,IT,2019,0,,4287.3,0,0,0,3164.53,1122.77,0,0
296,dataflow,D_GE4,Annual,Number,C,UNK,IT,2020,0,break in time series,4245,0,0,0,3142.9,1102.1,0,0
297,dataflow,D_GE4,Annual,Number,C,UNK,IT,2021,0,,4184.6,0,0,0,3094.9,1089.7,0,0
298,dataflow,D_GE4,Annual,Number,C,UNK,IT,2022,0,,4258.4,0,0,0,3088.2,1170.2,0,0
299,dataflow,D_GE4,Annual,Number,C,UNK,IT,2023,0,,4320.1,0,0,0,3140.6,1179.5,0,0
300,dataflow,D_GE4,Annual,Number,D,F,IT,2014,106,,107.8,0.98,0,106,0,107.8,0,0.98
301,dataflow,D_GE4,Annual,Number,D,F,IT,2015,74,,113.9,0.65,0,74,0,113.9,0,0.65
302,dataflow,D_GE4,Annual,Number,D,F,IT,2016,79,,125.5,0.63,0,79,0,125.5,0,0.63
303,dataflow,D_GE4,Annual,Number,D,F,IT,2017,73,,120.6,0.61,0,73,0,120.6,0,0.61
304,dataflow,D_GE4,Annual,Number,D,F,IT,2018,85,,108.1,0.79,0,85,0,108.1,0,0.79
305,dataflow,D_GE4,Annual,Number,D,F,IT,2019,63,,113.2,0.56,0,63,0,113.2,0,0.56
306,dataflow,D_GE4,Annual,Number,D,F,IT,2020,63,break in time series,115.7,0.54,0,63,0,115.7,0,0.54
307,dataflow,D_GE4,Annual,Number,D,F,IT,2021,39,,112.9,0.35,0,39,0,112.9,0,0.35
308,dataflow,D_GE4,Annual,Number,D,F,IT,2022,32,,118.1,0.27,0,32,0,118.1,0,0.27
309,dataflow,D_GE4,Annual,Number,D,F,IT,2023,33,,146.4,0.23,0,33,0,146.4,0,0.23
310,dataflow,D_GE4,Annual,Number,D,M,IT,2014,867,,107.8,8.04,867,0,107.8,0,8.04,0
311,dataflow,D_GE4,Annual,Number,D,M,IT,2015,767,,113.9,6.73,767,0,113.9,0,6.73,0
312,dataflow,D_GE4,Annual,Number,D,M,IT,2016,705,,125.5,5.62,705,0,125.5,0,5.62,0
313,dataflow,D_GE4,Annual,Number,D,M,IT,2017,635,,120.6,5.27,635,0,120.6,0,5.27,0
314,dataflow,D_GE4,Annual,Number,D,M,IT,2018,610,,108.1,5.64,610,0,108.1,0,5.64,0
315,dataflow,D_GE4,Annual,Number,D,M,IT,2019,592,,113.2,5.23,592,0,113.2,0,5.23,0
316,dataflow,D_GE4,Annual,Number,D,M,IT,2020,479,break in time series,115.7,4.14,479,0,115.7,0,4.14,0
317,dataflow,D_GE4,Annual,Number,D,M,IT,2021,419,,112.9,3.71,419,0,112.9,0,3.71,0
318,dataflow,D_GE4,Annual,Number,D,M,IT,2022,358,,118.1,3.03,358,0,118.1,0,3.03,0
319,dataflow,D_GE4,Annual,Number,D,M,IT,2023,340,,146.4,2.32,340,0,146.4,0,2.32,0
320,dataflow,D_GE4,Annual,Number,D,UNK,IT,2014,0,,107.8,0,0,0,83.2,24.6,0,0
321,dataflow,D_GE4,Annual,Number,D,UNK,IT,2015,0,,113.9,0,0,0,89.5,24.4,0,0
322,dataflow,D_GE4,Annual,Number,D,UNK,IT,2016,0,,125.5,0,0,0,97.6,27.9,0,0
323,dataflow,D_GE4,Annual,Number,D,UNK,IT,2017,0,,120.6,0,0,0,92.22,28.38,0,0
324,dataflow,D_GE4,Annual,Number,D,UNK,IT,2018,0,,108.1,0,0,0,79.4,28.7,0,0
325,dataflow,D_GE4,Annual,Number,D,UNK,IT,2019,0,,113.2,0,0,0,83.8,29.4,0,0
326,dataflow,D_GE4,Annual,Number,D,UNK,IT,2020,0,break in time series,115.7,0,0,0,87.2,28.5,0,0
327,dataflow,D_GE4,Annual,Number,D,UNK,IT,2021,0,,112.9,0,0,0,80.9,32,0,0
328,dataflow,D_GE4,Annual,Number,D,UNK,IT,2022,0,,118.1,0,0,0,83.57,34.53,0,0
329,dataflow,D_GE4,Annual,Number,D,UNK,IT,2023,0,,146.4,0,0,0,107.1,39.3,0,0
330,dataflow,D_GE4,Annual,Number,E,F,IT,2014,906,,228.4,3.97,0,906,0,228.4,0,3.97
331,dataflow,D_GE4,Annual,Number,E,F,IT,2015,875,,237.6,3.68,0,875,0,237.6,0,3.68
332,dataflow,D_GE4,Annual,Number,E,F,IT,2016,923,,234.8,3.93,0,923,0,234.8,0,3.93
333,dataflow,D_GE4,Annual,Number,E,F,IT,2017,858,,230.2,3.73,0,858,0,230.2,0,3.73
334,dataflow,D_GE4,Annual,Number,E,F,IT,2018,774,,246.3,3.14,0,774,0,246.3,0,3.14
335,dataflow,D_GE4,Annual,Number,E,F,IT,2019,831,,241,3.45,0,831,0,241,0,3.45
336,dataflow,D_GE4,Annual,Number,E,F,IT,2020,592,break in time series,241.1,2.46,0,592,0,241.1,0,2.46
337,dataflow,D_GE4,Annual,Number,E,F,IT,2021,770,,248.9,3.09,0,770,0,248.9,0,3.09
338,dataflow,D_GE4,Annual,Number,E,F,IT,2022,757,,248.5,3.05,0,757,0,248.5,0,3.05
339,dataflow,D_GE4,Annual,Number,E,F,IT,2023,796,,253.6,3.14,0,796,0,253.6,0,3.14
340,dataflow,D_GE4,Annual,Number,E,M,IT,2014,6816,,228.4,29.84,6816,0,228.4,0,29.84,0
341,dataflow,D_GE4,Annual,Number,E,M,IT,2015,6739,,237.6,28.36,6739,0,237.6,0,28.36,0
342,dataflow,D_GE4,Annual,Number,E,M,IT,2016,6774,,234.8,28.85,6774,0,234.8,0,28.85,0
343,dataflow,D_GE4,Annual,Number,E,M,IT,2017,7051,,230.2,30.63,7051,0,230.2,0,30.63,0
344,dataflow,D_GE4,Annual,Number,E,M,IT,2018,6747,,246.3,27.39,6747,0,246.3,0,27.39,0
345,dataflow,D_GE4,Annual,Number,E,M,IT,2019,6771,,241,28.1,6771,0,241,0,28.1,0
346,dataflow,D_GE4,Annual,Number,E,M,IT,2020,4898,break in time series,241.1,20.32,4898,0,241.1,0,20.32,0
347,dataflow,D_GE4,Annual,Number,E,M,IT,2021,6689,,248.9,26.87,6689,0,248.9,0,26.87,0
348,dataflow,D_GE4,Annual,Number,E,M,IT,2022,7971,,248.5,32.08,7971,0,248.5,0,32.08,0
349,dataflow,D_GE4,Annual,Number,E,M,IT,2023,8283,,253.6,32.66,8283,0,253.6,0,32.66,0
350,dataflow,D_GE4,Annual,Number,E,UNK,IT,2014,0,,228.4,0,0,0,196.69,31.71,0,0
351,dataflow,D_GE4,Annual,Number,E,UNK,IT,2015,0,,237.6,0,0,0,203.29,34.31,0,0
352,dataflow,D_GE4,Annual,Number,E,UNK,IT,2016,0,,234.8,0,0,0,203.9,30.9,0,0
353,dataflow,D_GE4,Annual,Number,E,UNK,IT,2017,0,,230.2,0,0,0,201.59,28.61,0,0
354,dataflow,D_GE4,Annual,Number,E,UNK,IT,2018,0,,246.3,0,0,0,212.3,34,0,0
355,dataflow,D_GE4,Annual,Number,E,UNK,IT,2019,0,,241,0,0,0,202.5,38.5,0,0
356,dataflow,D_GE4,Annual,Number,E,UNK,IT,2020,0,break in time series,241.1,0,0,0,200.6,40.5,0,0
357,dataflow,D_GE4,Annual,Number,E,UNK,IT,2021,0,,248.9,0,0,0,205.12,43.78,0,0
358,dataflow,D_GE4,Annual,Number,E,UNK,IT,2022,0,,248.5,0,0,0,204.32,44.18,0,0
359,dataflow,D_GE4,Annual,Number,E,UNK,IT,2023,0,,253.6,0,0,0,211.62,41.98,0,0
360,dataflow,D_GE4,Annual,Number,F,F,IT,2014,571,,1483.9,0.38,0,571,0,1483.9,0,0.38
361,dataflow,D_GE4,Annual,Number,F,F,IT,2015,555,,1468.2,0.38,0,555,0,1468.2,0,0.38
362,dataflow,D_GE4,Annual,Number,F,F,IT,2016,546,,1403.7,0.39,0,546,0,1403.7,0,0.39
363,dataflow,D_GE4,Annual,Number,F,F,IT,2017,517,,1415.8,0.37,0,517,0,1415.8,0,0.37
364,dataflow,D_GE4,Annual,Number,F,F,IT,2018,468,,1385.3,0.34,0,468,0,1385.3,0,0.34
365,dataflow,D_GE4,Annual,Number,F,F,IT,2019,509,,1323.1,0.38,0,509,0,1323.1,0,0.38
366,dataflow,D_GE4,Annual,Number,F,F,IT,2020,327,break in time series,1341.5,0.24,0,327,0,1341.5,0,0.24
367,dataflow,D_GE4,Annual,Number,F,F,IT,2021,482,,1430.8,0.34,0,482,0,1430.8,0,0.34
368,dataflow,D_GE4,Annual,Number,F,F,IT,2022,273,,1550.7,0.18,0,273,0,1550.7,0,0.18
369,dataflow,D_GE4,Annual,Number,F,F,IT,2023,279,,1530.9,0.18,0,279,0,1530.9,0,0.18
370,dataflow,D_GE4,Annual,Number,F,M,IT,2014,32434,,1483.9,21.86,32434,0,1483.9,0,21.86,0
371,dataflow,D_GE4,Annual,Number,F,M,IT,2015,30256,,1468.2,20.61,30256,0,1468.2,0,20.61,0
372,dataflow,D_GE4,Annual,Number,F,M,IT,2016,29389,,1403.7,20.94,29389,0,1403.7,0,20.94,0
373,dataflow,D_GE4,Annual,Number,F,M,IT,2017,29099,,1415.8,20.55,29099,0,1415.8,0,20.55,0
374,dataflow,D_GE4,Annual,Number,F,M,IT,2018,27637,,1385.3,19.95,27637,0,1385.3,0,19.95,0
375,dataflow,D_GE4,Annual,Number,F,M,IT,2019,26720,,1323.1,20.19,26720,0,1323.1,0,20.19,0
376,dataflow,D_GE4,Annual,Number,F,M,IT,2020,20576,break in time series,1341.5,15.34,20576,0,1341.5,0,15.34,0
377,dataflow,D_GE4,Annual,Number,F,M,IT,2021,27190,,1430.8,19,27190,0,1430.8,0,19,0
378,dataflow,D_GE4,Annual,Number,F,M,IT,2022,31200,,1550.7,20.12,31200,0,1550.7,0,20.12,0
379,dataflow,D_GE4,Annual,Number,F,M,IT,2023,32495,,1530.9,21.23,32495,0,1530.9,0,21.23,0
380,dataflow,D_GE4,Annual,Number,F,UNK,IT,2014,0,,1483.9,0,0,0,1387.9,96,0,0
381,dataflow,D_GE4,Annual,Number,F,UNK,IT,2015,0,,1468.2,0,0,0,1373.6,94.6,0,0
382,dataflow,D_GE4,Annual,Number,F,UNK,IT,2016,0,,1403.7,0,0,0,1315.1,88.6,0,0
383,dataflow,D_GE4,Annual,Number,F,UNK,IT,2017,0,,1415.8,0,0,0,1324.09,91.71,0,0
384,dataflow,D_GE4,Annual,Number,F,UNK,IT,2018,0,,1385.3,0,0,0,1293.79,91.51,0,0
385,dataflow,D_GE4,Annual,Number,F,UNK,IT,2019,0,,1323.1,0,0,0,1235.1,88,0,0
386,dataflow,D_GE4,Annual,Number,F,UNK,IT,2020,0,break in time series,1341.5,0,0,0,1239.9,101.6,0,0
387,dataflow,D_GE4,Annual,Number,F,UNK,IT,2021,0,,1430.8,0,0,0,1326,104.8,0,0
388,dataflow,D_GE4,Annual,Number,F,UNK,IT,2022,0,,1550.7,0,0,0,1434.2,116.5,0,0
389,dataflow,D_GE4,Annual,Number,F,UNK,IT,2023,0,,1530.9,0,0,0,1417.2,113.7,0,0
390,dataflow,D_GE4,Annual,Number,G,F,IT,2014,10222,,3226.5,3.17,0,10222,0,3226.5,0,3.17
391,dataflow,D_GE4,Annual,Number,G,F,IT,2015,9600,,3194,3.01,0,9600,0,3194,0,3.01
392,dataflow,D_GE4,Annual,Number,G,F,IT,2016,9279,,3241.3,2.86,0,9279,0,3241.3,0,2.86
393,dataflow,D_GE4,Annual,Number,G,F,IT,2017,9564,,3287.1,2.91,0,9564,0,3287.1,0,2.91
394,dataflow,D_GE4,Annual,Number,G,F,IT,2018,9425,,3255.5,2.9,0,9425,0,3255.5,0,2.9
395,dataflow,D_GE4,Annual,Number,G,F,IT,2019,9073,,3256,2.79,0,9073,0,3256,0,2.79
396,dataflow,D_GE4,Annual,Number,G,F,IT,2020,6710,break in time series,3154.9,2.13,0,6710,0,3154.9,0,2.13
397,dataflow,D_GE4,Annual,Number,G,F,IT,2021,7760,,3106.6,2.5,0,7760,0,3106.6,0,2.5
398,dataflow,D_GE4,Annual,Number,G,F,IT,2022,7977,,3137.1,2.54,0,7977,0,3137.1,0,2.54
399,dataflow,D_GE4,Annual,Number,G,F,IT,2023,8457,,3189.8,2.65,0,8457,0,3189.8,0,2.65
400,dataflow,D_GE4,Annual,Number,G,M,IT,2014,22912,,3226.5,7.1,22912,0,3226.5,0,7.1,0
401,dataflow,D_GE4,Annual,Number,G,M,IT,2015,22135,,3194,6.93,22135,0,3194,0,6.93,0
402,dataflow,D_GE4,Annual,Number,G,M,IT,2016,22434,,3241.3,6.92,22434,0,3241.3,0,6.92,0
403,dataflow,D_GE4,Annual,Number,G,M,IT,2017,22030,,3287.1,6.7,22030,0,3287.1,0,6.7,0
404,dataflow,D_GE4,Annual,Number,G,M,IT,2018,21258,,3255.5,6.53,21258,0,3255.5,0,6.53,0
405,dataflow,D_GE4,Annual,Number,G,M,IT,2019,20601,,3256,6.33,20601,0,3256,0,6.33,0
406,dataflow,D_GE4,Annual,Number,G,M,IT,2020,15634,break in time series,3154.9,4.96,15634,0,3154.9,0,4.96,0
407,dataflow,D_GE4,Annual,Number,G,M,IT,2021,17012,,3106.6,5.48,17012,0,3106.6,0,5.48,0
408,dataflow,D_GE4,Annual,Number,G,M,IT,2022,18011,,3137.1,5.74,18011,0,3137.1,0,5.74,0
409,dataflow,D_GE4,Annual,Number,G,M,IT,2023,18313,,3189.8,5.74,18313,0,3189.8,0,5.74,0
410,dataflow,D_GE4,Annual,Number,G,UNK,IT,2014,0,,3226.5,0,0,0,1888,1338.5,0,0
411,dataflow,D_GE4,Annual,Number,G,UNK,IT,2015,0,,3194,0,0,0,1869.84,1324.16,0,0
412,dataflow,D_GE4,Annual,Number,G,UNK,IT,2016,0,,3241.3,0,0,0,1926.66,1314.64,0,0
413,dataflow,D_GE4,Annual,Number,G,UNK,IT,2017,0,,3287.1,0,0,0,1945.5,1341.6,0,0
414,dataflow,D_GE4,Annual,Number,G,UNK,IT,2018,0,,3255.5,0,0,0,1926.14,1329.36,0,0
415,dataflow,D_GE4,Annual,Number,G,UNK,IT,2019,0,,3256,0,0,0,1903,1353,0,0
416,dataflow,D_GE4,Annual,Number,G,UNK,IT,2020,0,break in time series,3154.9,0,0,0,1830,1324.9,0,0
417,dataflow,D_GE4,Annual,Number,G,UNK,IT,2021,0,,3106.6,0,0,0,1811.04,1295.56,0,0
418,dataflow,D_GE4,Annual,Number,G,UNK,IT,2022,0,,3137.1,0,0,0,1828.4,1308.7,0,0
419,dataflow,D_GE4,Annual,Number,G,UNK,IT,2023,0,,3189.8,0,0,0,1833.94,1355.86,0,0
420,dataflow,D_GE4,Annual,Number,H,F,IT,2014,5222,,1039.1,5.03,0,5222,0,1039.1,0,5.03
421,dataflow,D_GE4,Annual,Number,H,F,IT,2015,4823,,1033,4.67,0,4823,0,1033,0,4.67
422,dataflow,D_GE4,Annual,Number,H,F,IT,2016,4961,,1084.9,4.57,0,4961,0,1084.9,0,4.57
423,dataflow,D_GE4,Annual,Number,H,F,IT,2017,4891,,1109.5,4.41,0,4891,0,1109.5,0,4.41
424,dataflow,D_GE4,Annual,Number,H,F,IT,2018,4555,,1117.7,4.08,0,4555,0,1117.7,0,4.08
425,dataflow,D_GE4,Annual,Number,H,F,IT,2019,4610,,1131.8,4.07,0,4610,0,1131.8,0,4.07
426,dataflow,D_GE4,Annual,Number,H,F,IT,2020,3360,break in time series,1114.2,3.02,0,3360,0,1114.2,0,3.02
427,dataflow,D_GE4,Annual,Number,H,F,IT,2021,4648,,1141.3,4.07,0,4648,0,1141.3,0,4.07
428,dataflow,D_GE4,Annual,Number,H,F,IT,2022,5601,,1167.3,4.8,0,5601,0,1167.3,0,4.8
429,dataflow,D_GE4,Annual,Number,H,F,IT,2023,4375,,1180,3.71,0,4375,0,1180,0,3.71
430,dataflow,D_GE4,Annual,Number,H,M,IT,2014,25015,,1039.1,24.07,25015,0,1039.1,0,24.07,0
431,dataflow,D_GE4,Annual,Number,H,M,IT,2015,24284,,1033,23.51,24284,0,1033,0,23.51,0
432,dataflow,D_GE4,Annual,Number,H,M,IT,2016,25192,,1084.9,23.22,25192,0,1084.9,0,23.22,0
433,dataflow,D_GE4,Annual,Number,H,M,IT,2017,25807,,1109.5,23.26,25807,0,1109.5,0,23.26,0
434,dataflow,D_GE4,Annual,Number,H,M,IT,2018,24062,,1117.7,21.53,24062,0,1117.7,0,21.53,0
435,dataflow,D_GE4,Annual,Number,H,M,IT,2019,22476,,1131.8,19.86,22476,0,1131.8,0,19.86,0
436,dataflow,D_GE4,Annual,Number,H,M,IT,2020,16062,break in time series,1114.2,14.42,16062,0,1114.2,0,14.42,0
437,dataflow,D_GE4,Annual,Number,H,M,IT,2021,24572,,1141.3,21.53,24572,0,1141.3,0,21.53,0
438,dataflow,D_GE4,Annual,Number,H,M,IT,2022,25770,,1167.3,22.08,25770,0,1167.3,0,22.08,0
439,dataflow,D_GE4,Annual,Number,H,M,IT,2023,25008,,1180,21.19,25008,0,1180,0,21.19,0
440,dataflow,D_GE4,Annual,Number,H,UNK,IT,2014,0,,1039.1,0,0,0,826.22,212.88,0,0
441,dataflow,D_GE4,Annual,Number,H,UNK,IT,2015,0,,1033,0,0,0,819.32,213.68,0,0
442,dataflow,D_GE4,Annual,Number,H,UNK,IT,2016,0,,1084.9,0,0,0,863.8,221.1,0,0
443,dataflow,D_GE4,Annual,Number,H,UNK,IT,2017,0,,1109.5,0,0,0,886.32,223.18,0,0
444,dataflow,D_GE4,Annual,Number,H,UNK,IT,2018,0,,1117.7,0,0,0,886.92,230.78,0,0
445,dataflow,D_GE4,Annual,Number,H,UNK,IT,2019,0,,1131.8,0,0,0,898.2,233.6,0,0
446,dataflow,D_GE4,Annual,Number,H,UNK,IT,2020,0,break in time series,1114.2,0,0,0,887.2,227,0,0
447,dataflow,D_GE4,Annual,Number,H,UNK,IT,2021,0,,1141.3,0,0,0,915.2,226.1,0,0
448,dataflow,D_GE4,Annual,Number,H,UNK,IT,2022,0,,1167.3,0,0,0,929.5,237.8,0,0
449,dataflow,D_GE4,Annual,Number,H,UNK,IT,2023,0,,1180,0,0,0,935,245,0,0
450,dataflow,D_GE4,Annual,Number,I,F,IT,2014,8430,,1269.4,6.64,0,8430,0,1269.4,0,6.64
451,dataflow,D_GE4,Annual,Number,I,F,IT,2015,7949,,1333.9,5.96,0,7949,0,1333.9,0,5.96
452,dataflow,D_GE4,Annual,Number,I,F,IT,2016,8232,,1394.9,5.9,0,8232,0,1394.9,0,5.9
453,dataflow,D_GE4,Annual,Number,I,F,IT,2017,8450,,1451,5.82,0,8450,0,1451,0,5.82
454,dataflow,D_GE4,Annual,Number,I,F,IT,2018,7804,,1438.8,5.42,0,7804,0,1438.8,0,5.42
455,dataflow,D_GE4,Annual,Number,I,F,IT,2019,7619,,1456.8,5.23,0,7619,0,1456.8,0,5.23
456,dataflow,D_GE4,Annual,Number,I,F,IT,2020,5549,break in time series,1291,4.3,0,5549,0,1291,0,4.3
457,dataflow,D_GE4,Annual,Number,I,F,IT,2021,5979,,1202.8,4.97,0,5979,0,1202.8,0,4.97
458,dataflow,D_GE4,Annual,Number,I,F,IT,2022,7507,,1405,5.34,0,7507,0,1405,0,5.34
459,dataflow,D_GE4,Annual,Number,I,F,IT,2023,8300,,1511.1,5.49,0,8300,0,1511.1,0,5.49
460,dataflow,D_GE4,Annual,Number,I,M,IT,2014,7914,,1269.4,6.23,7914,0,1269.4,0,6.23,0
461,dataflow,D_GE4,Annual,Number,I,M,IT,2015,7949,,1333.9,5.96,7949,0,1333.9,0,5.96,0
462,dataflow,D_GE4,Annual,Number,I,M,IT,2016,8763,,1394.9,6.28,8763,0,1394.9,0,6.28,0
463,dataflow,D_GE4,Annual,Number,I,M,IT,2017,8925,,1451,6.15,8925,0,1451,0,6.15,0
464,dataflow,D_GE4,Annual,Number,I,M,IT,2018,8502,,1438.8,5.91,8502,0,1438.8,0,5.91,0
465,dataflow,D_GE4,Annual,Number,I,M,IT,2019,8097,,1456.8,5.56,8097,0,1456.8,0,5.56,0
466,dataflow,D_GE4,Annual,Number,I,M,IT,2020,4797,break in time series,1291,3.72,4797,0,1291,0,3.72,0
467,dataflow,D_GE4,Annual,Number,I,M,IT,2021,6232,,1202.8,5.18,6232,0,1202.8,0,5.18,0
468,dataflow,D_GE4,Annual,Number,I,M,IT,2022,7895,,1405,5.62,7895,0,1405,0,5.62,0
469,dataflow,D_GE4,Annual,Number,I,M,IT,2023,8820,,1511.1,5.84,8820,0,1511.1,0,5.84,0
470,dataflow,D_GE4,Annual,Number,I,UNK,IT,2014,0,,1269.4,0,0,0,613.3,656.1,0,0
471,dataflow,D_GE4,Annual,Number,I,UNK,IT,2015,0,,1333.9,0,0,0,665.4,668.5,0,0
472,dataflow,D_GE4,Annual,Number,I,UNK,IT,2016,0,,1394.9,0,0,0,682.1,712.8,0,0
473,dataflow,D_GE4,Annual,Number,I,UNK,IT,2017,0,,1451,0,0,0,717.5,733.5,0,0
474,dataflow,D_GE4,Annual,Number,I,UNK,IT,2018,0,,1438.8,0,0,0,707.05,731.75,0,0
475,dataflow,D_GE4,Annual,Number,I,UNK,IT,2019,0,,1456.8,0,0,0,718.6,738.2,0,0
476,dataflow,D_GE4,Annual,Number,I,UNK,IT,2020,0,break in time series,1291,0,0,0,656.15,634.85,0,0
477,dataflow,D_GE4,Annual,Number,I,UNK,IT,2021,0,,1202.8,0,0,0,588.1,614.7,0,0
478,dataflow,D_GE4,Annual,Number,I,UNK,IT,2022,0,,1405,0,0,0,700.9,704.1,0,0
479,dataflow,D_GE4,Annual,Number,I,UNK,IT,2023,0,,1511.1,0,0,0,751.6,759.5,0,0
480,dataflow,D_GE4,Annual,Number,J,F,IT,2014,800,,551.4,1.45,0,800,0,551.4,0,1.45
481,dataflow,D_GE4,Annual,Number,J,F,IT,2015,587,,561.5,1.05,0,587,0,561.5,0,1.05
482,dataflow,D_GE4,Annual,Number,J,F,IT,2016,603,,562,1.07,0,603,0,562,0,1.07
483,dataflow,D_GE4,Annual,Number,J,F,IT,2017,618,,564.7,1.09,0,618,0,564.7,0,1.09
484,dataflow,D_GE4,Annual,Number,J,F,IT,2018,594,,598.6,0.99,0,594,0,598.6,0,0.99
485,dataflow,D_GE4,Annual,Number,J,F,IT,2019,560,,614,0.91,0,560,0,614,0,0.91
486,dataflow,D_GE4,Annual,Number,J,F,IT,2020,456,break in time series,614.7,0.74,0,456,0,614.7,0,0.74
487,dataflow,D_GE4,Annual,Number,J,F,IT,2021,485,,655.7,0.74,0,485,0,655.7,0,0.74
488,dataflow,D_GE4,Annual,Number,J,F,IT,2022,411,,688.5,0.6,0,411,0,688.5,0,0.6
489,dataflow,D_GE4,Annual,Number,J,F,IT,2023,396,,776.1,0.51,0,396,0,776.1,0,0.51
490,dataflow,D_GE4,Annual,Number,J,M,IT,2014,1495,,551.4,2.71,1495,0,551.4,0,2.71,0
491,dataflow,D_GE4,Annual,Number,J,M,IT,2015,1388,,561.5,2.47,1388,0,561.5,0,2.47,0
492,dataflow,D_GE4,Annual,Number,J,M,IT,2016,1339,,562,2.38,1339,0,562,0,2.38,0
493,dataflow,D_GE4,Annual,Number,J,M,IT,2017,1357,,564.7,2.4,1357,0,564.7,0,2.4,0
494,dataflow,D_GE4,Annual,Number,J,M,IT,2018,1288,,598.6,2.15,1288,0,598.6,0,2.15,0
495,dataflow,D_GE4,Annual,Number,J,M,IT,2019,1144,,614,1.86,1144,0,614,0,1.86,0
496,dataflow,D_GE4,Annual,Number,J,M,IT,2020,1119,break in time series,614.7,1.82,1119,0,614.7,0,1.82,0
497,dataflow,D_GE4,Annual,Number,J,M,IT,2021,1394,,655.7,2.13,1394,0,655.7,0,2.13,0
498,dataflow,D_GE4,Annual,Number,J,M,IT,2022,1247,,688.5,1.81,1247,0,688.5,0,1.81,0
499,dataflow,D_GE4,Annual,Number,J,M,IT,2023,1289,,776.1,1.66,1289,0,776.1,0,1.66,0
500,dataflow,D_GE4,Annual,Number,J,UNK,IT,2014,0,,551.4,0,0,0,390.3,161.1,0,0
501,dataflow,D_GE4,Annual,Number,J,UNK,IT,2015,0,,561.5,0,0,0,388.9,172.6,0,0
502,dataflow,D_GE4,Annual,Number,J,UNK,IT,2016,0,,562,0,0,0,386.6,175.4,0,0
503,dataflow,D_GE4,Annual,Number,J,UNK,IT,2017,0,,564.7,0,0,0,394.6,170.1,0,0
504,dataflow,D_GE4,Annual,Number,J,UNK,IT,2018,0,,598.6,0,0,0,426.9,171.7,0,0
505,dataflow,D_GE4,Annual,Number,J,UNK,IT,2019,0,,614,0,0,0,432.5,181.5,0,0
506,dataflow,D_GE4,Annual,Number,J,UNK,IT,2020,0,break in time series,614.7,0,0,0,429.5,185.2,0,0
507,dataflow,D_GE4,Annual,Number,J,UNK,IT,2021,0,,655.7,0,0,0,459.3,196.4,0,0
508,dataflow,D_GE4,Annual,Number,J,UNK,IT,2022,0,,688.5,0,0,0,478.1,210.4,0,0
509,dataflow,D_GE4,Annual,Number,J,UNK,IT,2023,0,,776.1,0,0,0,547.57,228.53,0,0
510,dataflow,D_GE4,Annual,Number,K,F,IT,2014,831,,611.6,1.36,0,831,0,611.6,0,1.36
511,dataflow,D_GE4,Annual,Number,K,F,IT,2015,708,,643.7,1.1,0,708,0,643.7,0,1.1
512,dataflow,D_GE4,Annual,Number,K,F,IT,2016,721,,648.8,1.11,0,721,0,648.8,0,1.11
513,dataflow,D_GE4,Annual,Number,K,F,IT,2017,672,,637.7,1.05,0,672,0,637.7,0,1.05
514,dataflow,D_GE4,Annual,Number,K,F,IT,2018,655,,638.9,1.03,0,655,0,638.9,0,1.03
515,dataflow,D_GE4,Annual,Number,K,F,IT,2019,637,,633.5,1.01,0,637,0,633.5,0,1.01
516,dataflow,D_GE4,Annual,Number,K,F,IT,2020,474,break in time series,616.3,0.77,0,474,0,616.3,0,0.77
517,dataflow,D_GE4,Annual,Number,K,F,IT,2021,425,,625.1,0.68,0,425,0,625.1,0,0.68
518,dataflow,D_GE4,Annual,Number,K,F,IT,2022,423,,605.1,0.7,0,423,0,605.1,0,0.7
519,dataflow,D_GE4,Annual,Number,K,F,IT,2023,456,,606.7,0.75,0,456,0,606.7,0,0.75
520,dataflow,D_GE4,Annual,Number,K,M,IT,2014,700,,611.6,1.14,700,0,611.6,0,1.14,0
521,dataflow,D_GE4,Annual,Number,K,M,IT,2015,670,,643.7,1.04,670,0,643.7,0,1.04,0
522,dataflow,D_GE4,Annual,Number,K,M,IT,2016,670,,648.8,1.03,670,0,648.8,0,1.03,0
523,dataflow,D_GE4,Annual,Number,K,M,IT,2017,610,,637.7,0.96,610,0,637.7,0,0.96,0
524,dataflow,D_GE4,Annual,Number,K,M,IT,2018,564,,638.9,0.88,564,0,638.9,0,0.88,0
525,dataflow,D_GE4,Annual,Number,K,M,IT,2019,530,,633.5,0.84,530,0,633.5,0,0.84,0
526,dataflow,D_GE4,Annual,Number,K,M,IT,2020,387,break in time series,616.3,0.63,387,0,616.3,0,0.63,0
527,dataflow,D_GE4,Annual,Number,K,M,IT,2021,354,,625.1,0.57,354,0,625.1,0,0.57,0
528,dataflow,D_GE4,Annual,Number,K,M,IT,2022,305,,605.1,0.5,305,0,605.1,0,0.5,0
529,dataflow,D_GE4,Annual,Number,K,M,IT,2023,292,,606.7,0.48,292,0,606.7,0,0.48,0
530,dataflow,D_GE4,Annual,Number,K,UNK,IT,2014,0,,611.6,0,0,0,334,277.6,0,0
531,dataflow,D_GE4,Annual,Number,K,UNK,IT,2015,0,,643.7,0,0,0,352.3,291.4,0,0
532,dataflow,D_GE4,Annual,Number,K,UNK,IT,2016,0,,648.8,0,0,0,362.86,285.94,0,0
533,dataflow,D_GE4,Annual,Number,K,UNK,IT,2017,0,,637.7,0,0,0,352.1,285.6,0,0
534,dataflow,D_GE4,Annual,Number,K,UNK,IT,2018,0,,638.9,0,0,0,355.66,283.24,0,0
535,dataflow,D_GE4,Annual,Number,K,UNK,IT,2019,0,,633.5,0,0,0,347.7,285.8,0,0
536,dataflow,D_GE4,Annual,Number,K,UNK,IT,2020,0,break in time series,616.3,0,0,0,327.7,288.6,0,0
537,dataflow,D_GE4,Annual,Number,K,UNK,IT,2021,0,,625.1,0,0,0,325.5,299.6,0,0
538,dataflow,D_GE4,Annual,Number,K,UNK,IT,2022,0,,605.1,0,0,0,319.95,285.15,0,0
539,dataflow,D_GE4,Annual,Number,K,UNK,IT,2023,0,,606.7,0,0,0,338.66,268.04,0,0
540,dataflow,D_GE4,Annual,Number,L,F,IT,2014,876,,125.7,6.97,0,876,0,125.7,0,6.97
541,dataflow,D_GE4,Annual,Number,L,F,IT,2015,741,,132.3,5.6,0,741,0,132.3,0,5.6
542,dataflow,D_GE4,Annual,Number,L,F,IT,2016,689,,140.6,4.9,0,689,0,140.6,0,4.9
543,dataflow,D_GE4,Annual,Number,L,F,IT,2017,710,,144.2,4.92,0,710,0,144.2,0,4.92
544,dataflow,D_GE4,Annual,Number,L,F,IT,2018,719,,147.9,4.86,0,719,0,147.9,0,4.86
545,dataflow,D_GE4,Annual,Number,L,F,IT,2019,621,,162.4,3.82,0,621,0,162.4,0,3.82
546,dataflow,D_GE4,Annual,Number,L,F,IT,2020,603,break in time series,153.3,3.93,0,603,0,153.3,0,3.93
547,dataflow,D_GE4,Annual,Number,L,F,IT,2021,320,,136.1,2.35,0,320,0,136.1,0,2.35
548,dataflow,D_GE4,Annual,Number,L,F,IT,2022,211,,156.1,1.35,0,211,0,156.1,0,1.35
549,dataflow,D_GE4,Annual,Number,L,F,IT,2023,237,,158.9,1.49,0,237,0,158.9,0,1.49
550,dataflow,D_GE4,Annual,Number,L,M,IT,2014,1331,,125.7,10.59,1331,0,125.7,0,10.59,0
551,dataflow,D_GE4,Annual,Number,L,M,IT,2015,1246,,132.3,9.42,1246,0,132.3,0,9.42,0
552,dataflow,D_GE4,Annual,Number,L,M,IT,2016,1178,,140.6,8.38,1178,0,140.6,0,8.38,0
553,dataflow,D_GE4,Annual,Number,L,M,IT,2017,1133,,144.2,7.86,1133,0,144.2,0,7.86,0
554,dataflow,D_GE4,Annual,Number,L,M,IT,2018,1114,,147.9,7.53,1114,0,147.9,0,7.53,0
555,dataflow,D_GE4,Annual,Number,L,M,IT,2019,1022,,162.4,6.29,1022,0,162.4,0,6.29,0
556,dataflow,D_GE4,Annual,Number,L,M,IT,2020,769,break in time series,153.3,5.02,769,0,153.3,0,5.02,0
557,dataflow,D_GE4,Annual,Number,L,M,IT,2021,614,,136.1,4.51,614,0,136.1,0,4.51,0
558,dataflow,D_GE4,Annual,Number,L,M,IT,2022,390,,156.1,2.5,390,0,156.1,0,2.5,0
559,dataflow,D_GE4,Annual,Number,L,M,IT,2023,444,,158.9,2.79,444,0,158.9,0,2.79,0
560,dataflow,D_GE4,Annual,Number,L,UNK,IT,2014,0,,125.7,0,0,0,73.7,52,0,0
561,dataflow,D_GE4,Annual,Number,L,UNK,IT,2015,0,,132.3,0,0,0,74.1,58.2,0,0
562,dataflow,D_GE4,Annual,Number,L,UNK,IT,2016,0,,140.6,0,0,0,77.2,63.4,0,0
563,dataflow,D_GE4,Annual,Number,L,UNK,IT,2017,0,,144.2,0,0,0,82.7,61.5,0,0
564,dataflow,D_GE4,Annual,Number,L,UNK,IT,2018,0,,147.9,0,0,0,85.34,62.56,0,0
565,dataflow,D_GE4,Annual,Number,L,UNK,IT,2019,0,,162.4,0,0,0,86.9,75.5,0,0
566,dataflow,D_GE4,Annual,Number,L,UNK,IT,2020,0,break in time series,153.3,0,0,0,77,76.3,0,0
567,dataflow,D_GE4,Annual,Number,L,UNK,IT,2021,0,,136.1,0,0,0,75,61.1,0,0
568,dataflow,D_GE4,Annual,Number,L,UNK,IT,2022,0,,156.1,0,0,0,86.1,70,0,0
569,dataflow,D_GE4,Annual,Number,L,UNK,IT,2023,0,,158.9,0,0,0,84.7,74.2,0,0
570,dataflow,D_GE4,Annual,Number,M,F,IT,2014,1853,,1403.4,1.32,0,1853,0,1403.4,0,1.32
571,dataflow,D_GE4,Annual,Number,M,F,IT,2015,1606,,1415.8,1.13,0,1606,0,1415.8,0,1.13
572,dataflow,D_GE4,Annual,Number,M,F,IT,2016,1741,,1459.2,1.19,0,1741,0,1459.2,0,1.19
573,dataflow,D_GE4,Annual,Number,M,F,IT,2017,1661,,1457.3,1.14,0,1661,0,1457.3,0,1.14
574,dataflow,D_GE4,Annual,Number,M,F,IT,2018,1793,,1476.5,1.21,0,1793,0,1476.5,0,1.21
575,dataflow,D_GE4,Annual,Number,M,F,IT,2019,1751,,1508.6,1.16,0,1751,0,1508.6,0,1.16
576,dataflow,D_GE4,Annual,Number,M,F,IT,2020,2082,break in time series,1495.1,1.39,0,2082,0,1495.1,0,1.39
577,dataflow,D_GE4,Annual,Number,M,F,IT,2021,929,,1484,0.63,0,929,0,1484,0,0.63
578,dataflow,D_GE4,Annual,Number,M,F,IT,2022,647,,1513.1,0.43,0,647,0,1513.1,0,0.43
579,dataflow,D_GE4,Annual,Number,M,F,IT,2023,663,,1595.7,0.42,0,663,0,1595.7,0,0.42
580,dataflow,D_GE4,Annual,Number,M,M,IT,2014,2934,,1403.4,2.09,2934,0,1403.4,0,2.09,0
581,dataflow,D_GE4,Annual,Number,M,M,IT,2015,2839,,1415.8,2.01,2839,0,1415.8,0,2.01,0
582,dataflow,D_GE4,Annual,Number,M,M,IT,2016,3101,,1459.2,2.13,3101,0,1459.2,0,2.13,0
583,dataflow,D_GE4,Annual,Number,M,M,IT,2017,3112,,1457.3,2.14,3112,0,1457.3,0,2.14,0
584,dataflow,D_GE4,Annual,Number,M,M,IT,2018,3160,,1476.5,2.14,3160,0,1476.5,0,2.14,0
585,dataflow,D_GE4,Annual,Number,M,M,IT,2019,3041,,1508.6,2.02,3041,0,1508.6,0,2.02,0
586,dataflow,D_GE4,Annual,Number,M,M,IT,2020,2295,break in time series,1495.1,1.54,2295,0,1495.1,0,1.54,0
587,dataflow,D_GE4,Annual,Number,M,M,IT,2021,1851,,1484,1.25,1851,0,1484,0,1.25,0
588,dataflow,D_GE4,Annual,Number,M,M,IT,2022,1422,,1513.1,0.94,1422,0,1513.1,0,0.94,0
589,dataflow,D_GE4,Annual,Number,M,M,IT,2023,1468,,1595.7,0.92,1468,0,1595.7,0,0.92,0
590,dataflow,D_GE4,Annual,Number,M,UNK,IT,2014,0,,1403.4,0,0,0,762.9,640.5,0,0
591,dataflow,D_GE4,Annual,Number,M,UNK,IT,2015,0,,1415.8,0,0,0,782.4,633.4,0,0
592,dataflow,D_GE4,Annual,Number,M,UNK,IT,2016,0,,1459.2,0,0,0,793.5,665.7,0,0
593,dataflow,D_GE4,Annual,Number,M,UNK,IT,2017,0,,1457.3,0,0,0,781.6,675.7,0,0
594,dataflow,D_GE4,Annual,Number,M,UNK,IT,2018,0,,1476.5,0,0,0,792.45,684.05,0,0
595,dataflow,D_GE4,Annual,Number,M,UNK,IT,2019,0,,1508.6,0,0,0,801.8,706.8,0,0
596,dataflow,D_GE4,Annual,Number,M,UNK,IT,2020,0,break in time series,1495.1,0,0,0,806.4,688.7,0,0
597,dataflow,D_GE4,Annual,Number,M,UNK,IT,2021,0,,1484,0,0,0,803.15,680.85,0,0
598,dataflow,D_GE4,Annual,Number,M,UNK,IT,2022,0,,1513.1,0,0,0,814.4,698.7,0,0
599,dataflow,D_GE4,Annual,Number,M,UNK,IT,2023,0,,1595.7,0,0,0,857.3,738.4,0,0
600,dataflow,D_GE4,Annual,Number,N,F,IT,2014,6997,,907.4,7.71,0,6997,0,907.4,0,7.71
601,dataflow,D_GE4,Annual,Number,N,F,IT,2015,6278,,968.3,6.48,0,6278,0,968.3,0,6.48
602,dataflow,D_GE4,Annual,Number,N,F,IT,2016,6178,,991.3,6.23,0,6178,0,991.3,0,6.23
603,dataflow,D_GE4,Annual,Number,N,F,IT,2017,6308,,965.6,6.53,0,6308,0,965.6,0,6.53
604,dataflow,D_GE4,Annual,Number,N,F,IT,2018,6152,,995.2,6.18,0,6152,0,995.2,0,6.18
605,dataflow,D_GE4,Annual,Number,N,F,IT,2019,5615,,1016.5,5.52,0,5615,0,1016.5,0,5.52
606,dataflow,D_GE4,Annual,Number,N,F,IT,2020,5403,break in time series,952.5,5.67,0,5403,0,952.5,0,5.67
607,dataflow,D_GE4,Annual,Number,N,F,IT,2021,5563,,980.1,5.68,0,5563,0,980.1,0,5.68
608,dataflow,D_GE4,Annual,Number,N,F,IT,2022,6428,,1006.5,6.39,0,6428,0,1006.5,0,6.39
609,dataflow,D_GE4,Annual,Number,N,F,IT,2023,6563,,973.4,6.74,0,6563,0,973.4,0,6.74
610,dataflow,D_GE4,Annual,Number,N,M,IT,2014,11701,,907.4,12.9,11701,0,907.4,0,12.9,0
611,dataflow,D_GE4,Annual,Number,N,M,IT,2015,10145,,968.3,10.48,10145,0,968.3,0,10.48,0
612,dataflow,D_GE4,Annual,Number,N,M,IT,2016,10562,,991.3,10.65,10562,0,991.3,0,10.65,0
613,dataflow,D_GE4,Annual,Number,N,M,IT,2017,10529,,965.6,10.9,10529,0,965.6,0,10.9,0
614,dataflow,D_GE4,Annual,Number,N,M,IT,2018,9914,,995.2,9.96,9914,0,995.2,0,9.96,0
615,dataflow,D_GE4,Annual,Number,N,M,IT,2019,9643,,1016.5,9.49,9643,0,1016.5,0,9.49,0
616,dataflow,D_GE4,Annual,Number,N,M,IT,2020,6975,break in time series,952.5,7.32,6975,0,952.5,0,7.32,0
617,dataflow,D_GE4,Annual,Number,N,M,IT,2021,9078,,980.1,9.26,9078,0,980.1,0,9.26,0
618,dataflow,D_GE4,Annual,Number,N,M,IT,2022,10175,,1006.5,10.11,10175,0,1006.5,0,10.11,0
619,dataflow,D_GE4,Annual,Number,N,M,IT,2023,10178,,973.4,10.46,10178,0,973.4,0,10.46,0
620,dataflow,D_GE4,Annual,Number,N,UNK,IT,2014,0,,907.4,0,0,0,418.7,488.7,0,0
621,dataflow,D_GE4,Annual,Number,N,UNK,IT,2015,0,,968.3,0,0,0,461.6,506.7,0,0
622,dataflow,D_GE4,Annual,Number,N,UNK,IT,2016,0,,991.3,0,0,0,465.8,525.5,0,0
623,dataflow,D_GE4,Annual,Number,N,UNK,IT,2017,0,,965.6,0,0,0,454.95,510.65,0,0
624,dataflow,D_GE4,Annual,Number,N,UNK,IT,2018,0,,995.2,0,0,0,471.3,523.9,0,0
625,dataflow,D_GE4,Annual,Number,N,UNK,IT,2019,0,,1016.5,0,0,0,486.8,529.7,0,0
626,dataflow,D_GE4,Annual,Number,N,UNK,IT,2020,0,break in time series,952.5,0,0,0,450.95,501.55,0,0
627,dataflow,D_GE4,Annual,Number,N,UNK,IT,2021,0,,980.1,0,0,0,462.5,517.6,0,0
628,dataflow,D_GE4,Annual,Number,N,UNK,IT,2022,0,,1006.5,0,0,0,477.75,528.75,0,0
629,dataflow,D_GE4,Annual,Number,N,UNK,IT,2023,0,,973.4,0,0,0,463.65,509.75,0,0
630,dataflow,D_GE4,Annual,Number,O,F,IT,2014,5327,,1279.7,4.16,0,5327,0,1279.7,0,4.16
631,dataflow,D_GE4,Annual,Number,O,F,IT,2015,4966,,1293.3,3.84,0,4966,0,1293.3,0,3.84
632,dataflow,D_GE4,Annual,Number,O,F,IT,2016,4443,,1262.2,3.52,0,4443,0,1262.2,0,3.52
633,dataflow,D_GE4,Annual,Number,O,F,IT,2017,3963,,1259.9,3.15,0,3963,0,1259.9,0,3.15
634,dataflow,D_GE4,Annual,Number,O,F,IT,2018,4401,,1235.1,3.56,0,4401,0,1235.1,0,3.56
635,dataflow,D_GE4,Annual,Number,O,F,IT,2019,4312,,1235.8,3.49,0,4312,0,1235.8,0,3.49
636,dataflow,D_GE4,Annual,Number,O,F,IT,2020,8761,break in time series,1199.6,7.3,0,8761,0,1199.6,0,7.3
637,dataflow,D_GE4,Annual,Number,O,F,IT,2021,4672,,1147.7,4.07,0,4672,0,1147.7,0,4.07
638,dataflow,D_GE4,Annual,Number,O,F,IT,2022,3919,,1142.2,3.43,0,3919,0,1142.2,0,3.43
639,dataflow,D_GE4,Annual,Number,O,F,IT,2023,2982,,1181.8,2.52,0,2982,0,1181.8,0,2.52
640,dataflow,D_GE4,Annual,Number,O,M,IT,2014,5792,,1279.7,4.53,5792,0,1279.7,0,4.53,0
641,dataflow,D_GE4,Annual,Number,O,M,IT,2015,5321,,1293.3,4.11,5321,0,1293.3,0,4.11,0
642,dataflow,D_GE4,Annual,Number,O,M,IT,2016,4939,,1262.2,3.91,4939,0,1262.2,0,3.91,0
643,dataflow,D_GE4,Annual,Number,O,M,IT,2017,4444,,1259.9,3.53,4444,0,1259.9,0,3.53,0
644,dataflow,D_GE4,Annual,Number,O,M,IT,2018,4048,,1235.1,3.28,4048,0,1235.1,0,3.28,0
645,dataflow,D_GE4,Annual,Number,O,M,IT,2019,4196,,1235.8,3.4,4196,0,1235.8,0,3.4,0
646,dataflow,D_GE4,Annual,Number,O,M,IT,2020,5508,break in time series,1199.6,4.59,5508,0,1199.6,0,4.59,0
647,dataflow,D_GE4,Annual,Number,O,M,IT,2021,3519,,1147.7,3.07,3519,0,1147.7,0,3.07,0
648,dataflow,D_GE4,Annual,Number,O,M,IT,2022,3629,,1142.2,3.18,3629,0,1142.2,0,3.18,0
649,dataflow,D_GE4,Annual,Number,O,M,IT,2023,3469,,1181.8,2.94,3469,0,1181.8,0,2.94,0
650,dataflow,D_GE4,Annual,Number,O,UNK,IT,2014,0,,1279.7,0,0,0,841.5,438.2,0,0
651,dataflow,D_GE4,Annual,Number,O,UNK,IT,2015,0,,1293.3,0,0,0,872.43,420.87,0,0
652,dataflow,D_GE4,Annual,Number,O,UNK,IT,2016,0,,1262.2,0,0,0,842.5,419.7,0,0
653,dataflow,D_GE4,Annual,Number,O,UNK,IT,2017,0,,1259.9,0,0,0,826.1,433.8,0,0
654,dataflow,D_GE4,Annual,Number,O,UNK,IT,2018,0,,1235.1,0,0,0,802.6,432.5,0,0
655,dataflow,D_GE4,Annual,Number,O,UNK,IT,2019,0,,1235.8,0,0,0,804.9,430.9,0,0
656,dataflow,D_GE4,Annual,Number,O,UNK,IT,2020,0,break in time series,1199.6,0,0,0,778.4,421.2,0,0
657,dataflow,D_GE4,Annual,Number,O,UNK,IT,2021,0,,1147.7,0,0,0,742.9,404.8,0,0
658,dataflow,D_GE4,Annual,Number,O,UNK,IT,2022,0,,1142.2,0,0,0,746.4,395.8,0,0
659,dataflow,D_GE4,Annual,Number,O,UNK,IT,2023,0,,1181.8,0,0,0,765.7,416.1,0,0
660,dataflow,D_GE4,Annual,Number,P,F,IT,2014,1024,,1513.3,0.68,0,1024,0,1513.3,0,0.68
661,dataflow,D_GE4,Annual,Number,P,F,IT,2015,877,,1508.6,0.58,0,877,0,1508.6,0,0.58
662,dataflow,D_GE4,Annual,Number,P,F,IT,2016,873,,1542.8,0.57,0,873,0,1542.8,0,0.57
663,dataflow,D_GE4,Annual,Number,P,F,IT,2017,916,,1614.1,0.57,0,916,0,1614.1,0,0.57
664,dataflow,D_GE4,Annual,Number,P,F,IT,2018,955,,1578.6,0.6,0,955,0,1578.6,0,0.6
665,dataflow,D_GE4,Annual,Number,P,F,IT,2019,898,,1580,0.57,0,898,0,1580,0,0.57
666,dataflow,D_GE4,Annual,Number,P,F,IT,2020,973,break in time series,1613.7,0.6,0,973,0,1613.7,0,0.6
667,dataflow,D_GE4,Annual,Number,P,F,IT,2021,871,,1615.2,0.54,0,871,0,1615.2,0,0.54
668,dataflow,D_GE4,Annual,Number,P,F,IT,2022,877,,1603.9,0.55,0,877,0,1603.9,0,0.55
669,dataflow,D_GE4,Annual,Number,P,F,IT,2023,788,,1670.6,0.47,0,788,0,1670.6,0,0.47
670,dataflow,D_GE4,Annual,Number,P,M,IT,2014,651,,1513.3,0.43,651,0,1513.3,0,0.43,0
671,dataflow,D_GE4,Annual,Number,P,M,IT,2015,563,,1508.6,0.37,563,0,1508.6,0,0.37,0
672,dataflow,D_GE4,Annual,Number,P,M,IT,2016,564,,1542.8,0.37,564,0,1542.8,0,0.37,0
673,dataflow,D_GE4,Annual,Number,P,M,IT,2017,538,,1614.1,0.33,538,0,1614.1,0,0.33,0
674,dataflow,D_GE4,Annual,Number,P,M,IT,2018,750,,1578.6,0.48,750,0,1578.6,0,0.48,0
675,dataflow,D_GE4,Annual,Number,P,M,IT,2019,686,,1580,0.43,686,0,1580,0,0.43,0
676,dataflow,D_GE4,Annual,Number,P,M,IT,2020,405,break in time series,1613.7,0.25,405,0,1613.7,0,0.25,0
677,dataflow,D_GE4,Annual,Number,P,M,IT,2021,451,,1615.2,0.28,451,0,1615.2,0,0.28,0
678,dataflow,D_GE4,Annual,Number,P,M,IT,2022,492,,1603.9,0.31,492,0,1603.9,0,0.31,0
679,dataflow,D_GE4,Annual,Number,P,M,IT,2023,492,,1670.6,0.29,492,0,1670.6,0,0.29,0
680,dataflow,D_GE4,Annual,Number,P,UNK,IT,2014,0,,1513.3,0,0,0,384.8,1128.5,0,0
681,dataflow,D_GE4,Annual,Number,P,UNK,IT,2015,0,,1508.6,0,0,0,373.2,1135.4,0,0
682,dataflow,D_GE4,Annual,Number,P,UNK,IT,2016,0,,1542.8,0,0,0,380.3,1162.5,0,0
683,dataflow,D_GE4,Annual,Number,P,UNK,IT,2017,0,,1614.1,0,0,0,396.98,1217.12,0,0
684,dataflow,D_GE4,Annual,Number,P,UNK,IT,2018,0,,1578.6,0,0,0,385.4,1193.2,0,0
685,dataflow,D_GE4,Annual,Number,P,UNK,IT,2019,0,,1580,0,0,0,388,1192,0,0
686,dataflow,D_GE4,Annual,Number,P,UNK,IT,2020,0,break in time series,1613.7,0,0,0,405.57,1208.13,0,0
687,dataflow,D_GE4,Annual,Number,P,UNK,IT,2021,0,,1615.2,0,0,0,396.4,1218.8,0,0
688,dataflow,D_GE4,Annual,Number,P,UNK,IT,2022,0,,1603.9,0,0,0,406.6,1197.3,0,0
689,dataflow,D_GE4,Annual,Number,P,UNK,IT,2023,0,,1670.6,0,0,0,404.08,1266.52,0,0
690,dataflow,D_GE4,Annual,Number,Q,F,IT,2014,19354,,1804.2,10.73,0,19354,0,1804.2,0,10.73
691,dataflow,D_GE4,Annual,Number,Q,F,IT,2015,17859,,1796.3,9.94,0,17859,0,1796.3,0,9.94
692,dataflow,D_GE4,Annual,Number,Q,F,IT,2016,16374,,1831.4,8.94,0,16374,0,1831.4,0,8.94
693,dataflow,D_GE4,Annual,Number,Q,F,IT,2017,16345,,1863.4,8.77,0,16345,0,1863.4,0,8.77
694,dataflow,D_GE4,Annual,Number,Q,F,IT,2018,15482,,1879.5,8.24,0,15482,0,1879.5,0,8.24
695,dataflow,D_GE4,Annual,Number,Q,F,IT,2019,15633,,1909.8,8.19,0,15633,0,1909.8,0,8.19
696,dataflow,D_GE4,Annual,Number,Q,F,IT,2020,59345,break in time series,1863.6,31.84,0,59345,0,1863.6,0,31.84
697,dataflow,D_GE4,Annual,Number,Q,F,IT,2021,24734,,1887.3,13.11,0,24734,0,1887.3,0,13.11
698,dataflow,D_GE4,Annual,Number,Q,F,IT,2022,68762,,1882.7,36.52,0,68762,0,1882.7,0,36.52
699,dataflow,D_GE4,Annual,Number,Q,F,IT,2023,23493,,1931.6,12.16,0,23493,0,1931.6,0,12.16
700,dataflow,D_GE4,Annual,Number,Q,M,IT,2014,6993,,1804.2,3.88,6993,0,1804.2,0,3.88,0
701,dataflow,D_GE4,Annual,Number,Q,M,IT,2015,6432,,1796.3,3.58,6432,0,1796.3,0,3.58,0
702,dataflow,D_GE4,Annual,Number,Q,M,IT,2016,5834,,1831.4,3.19,5834,0,1831.4,0,3.19,0
703,dataflow,D_GE4,Annual,Number,Q,M,IT,2017,5775,,1863.4,3.1,5775,0,1863.4,0,3.1,0
704,dataflow,D_GE4,Annual,Number,Q,M,IT,2018,5447,,1879.5,2.9,5447,0,1879.5,0,2.9,0
705,dataflow,D_GE4,Annual,Number,Q,M,IT,2019,5364,,1909.8,2.81,5364,0,1909.8,0,2.81,0
706,dataflow,D_GE4,Annual,Number,Q,M,IT,2020,20373,break in time series,1863.6,10.93,20373,0,1863.6,0,10.93,0
707,dataflow,D_GE4,Annual,Number,Q,M,IT,2021,8909,,1887.3,4.72,8909,0,1887.3,0,4.72,0
708,dataflow,D_GE4,Annual,Number,Q,M,IT,2022,24406,,1882.7,12.96,24406,0,1882.7,0,12.96,0
709,dataflow,D_GE4,Annual,Number,Q,M,IT,2023,8051,,1931.6,4.17,8051,0,1931.6,0,4.17,0
710,dataflow,D_GE4,Annual,Number,Q,UNK,IT,2014,0,,1804.2,0,0,0,547.23,1256.97,0,0
711,dataflow,D_GE4,Annual,Number,Q,UNK,IT,2015,0,,1796.3,0,0,0,546.3,1250,0,0
712,dataflow,D_GE4,Annual,Number,Q,UNK,IT,2016,0,,1831.4,0,0,0,560.8,1270.6,0,0
713,dataflow,D_GE4,Annual,Number,Q,UNK,IT,2017,0,,1863.4,0,0,0,557.43,1305.97,0,0
714,dataflow,D_GE4,Annual,Number,Q,UNK,IT,2018,0,,1879.5,0,0,0,564.2,1315.3,0,0
715,dataflow,D_GE4,Annual,Number,Q,UNK,IT,2019,0,,1909.8,0,0,0,576.5,1333.3,0,0
716,dataflow,D_GE4,Annual,Number,Q,UNK,IT,2020,0,break in time series,1863.6,0,0,0,552.93,1310.67,0,0
717,dataflow,D_GE4,Annual,Number,Q,UNK,IT,2021,0,,1887.3,0,0,0,550.8,1336.5,0,0
718,dataflow,D_GE4,Annual,Number,Q,UNK,IT,2022,0,,1882.7,0,0,0,546.37,1336.33,0,0
719,dataflow,D_GE4,Annual,Number,Q,UNK,IT,2023,0,,1931.6,0,0,0,549.9,1381.7,0,0
720,dataflow,D_GE4,Annual,Number,R,F,IT,2014,672,,297.8,2.26,0,672,0,297.8,0,2.26
721,dataflow,D_GE4,Annual,Number,R,F,IT,2015,630,,303.2,2.08,0,630,0,303.2,0,2.08
722,dataflow,D_GE4,Annual,Number,R,F,IT,2016,623,,323.6,1.93,0,623,0,323.6,0,1.93
723,dataflow,D_GE4,Annual,Number,R,F,IT,2017,675,,334.1,2.02,0,675,0,334.1,0,2.02
724,dataflow,D_GE4,Annual,Number,R,F,IT,2018,612,,304.9,2.01,0,612,0,304.9,0,2.01
725,dataflow,D_GE4,Annual,Number,R,F,IT,2019,608,,315.2,1.93,0,608,0,315.2,0,1.93
726,dataflow,D_GE4,Annual,Number,R,F,IT,2020,450,break in time series,301.8,1.49,0,450,0,301.8,0,1.49
727,dataflow,D_GE4,Annual,Number,R,F,IT,2021,513,,264.1,1.94,0,513,0,264.1,0,1.94
728,dataflow,D_GE4,Annual,Number,R,F,IT,2022,547,,307.7,1.78,0,547,0,307.7,0,1.78
729,dataflow,D_GE4,Annual,Number,R,F,IT,2023,664,,334.2,1.99,0,664,0,334.2,0,1.99
730,dataflow,D_GE4,Annual,Number,R,M,IT,2014,2376,,297.8,7.98,2376,0,297.8,0,7.98,0
731,dataflow,D_GE4,Annual,Number,R,M,IT,2015,2273,,303.2,7.5,2273,0,303.2,0,7.5,0
732,dataflow,D_GE4,Annual,Number,R,M,IT,2016,2411,,323.6,7.45,2411,0,323.6,0,7.45,0
733,dataflow,D_GE4,Annual,Number,R,M,IT,2017,2364,,334.1,7.08,2364,0,334.1,0,7.08,0
734,dataflow,D_GE4,Annual,Number,R,M,IT,2018,2296,,304.9,7.53,2296,0,304.9,0,7.53,0
735,dataflow,D_GE4,Annual,Number,R,M,IT,2019,2243,,315.2,7.12,2243,0,315.2,0,7.12,0
736,dataflow,D_GE4,Annual,Number,R,M,IT,2020,1654,break in time series,301.8,5.48,1654,0,301.8,0,5.48,0
737,dataflow,D_GE4,Annual,Number,R,M,IT,2021,2294,,264.1,8.69,2294,0,264.1,0,8.69,0
738,dataflow,D_GE4,Annual,Number,R,M,IT,2022,2339,,307.7,7.6,2339,0,307.7,0,7.6,0
739,dataflow,D_GE4,Annual,Number,R,M,IT,2023,2485,,334.2,7.44,2485,0,334.2,0,7.44,0
740,dataflow,D_GE4,Annual,Number,R,UNK,IT,2014,0,,297.8,0,0,0,160.85,136.95,0,0
741,dataflow,D_GE4,Annual,Number,R,UNK,IT,2015,0,,303.2,0,0,0,160.9,142.3,0,0
742,dataflow,D_GE4,Annual,Number,R,UNK,IT,2016,0,,323.6,0,0,0,174.3,149.3,0,0
743,dataflow,D_GE4,Annual,Number,R,UNK,IT,2017,0,,334.1,0,0,0,194.2,139.9,0,0
744,dataflow,D_GE4,Annual,Number,R,UNK,IT,2018,0,,304.9,0,0,0,178.7,126.2,0,0
745,dataflow,D_GE4,Annual,Number,R,UNK,IT,2019,0,,315.2,0,0,0,182.3,132.9,0,0
746,dataflow,D_GE4,Annual,Number,R,UNK,IT,2020,0,break in time series,301.8,0,0,0,176.56,125.24,0,0
747,dataflow,D_GE4,Annual,Number,R,UNK,IT,2021,0,,264.1,0,0,0,150.3,113.8,0,0
748,dataflow,D_GE4,Annual,Number,R,UNK,IT,2022,0,,307.7,0,0,0,173.9,133.8,0,0
749,dataflow,D_GE4,Annual,Number,R,UNK,IT,2023,0,,334.2,0,0,0,191.8,142.4,0,0
750,dataflow,D_GE4,Annual,Number,S,F,IT,2014,2036,,652.1,3.12,0,2036,0,652.1,0,3.12
751,dataflow,D_GE4,Annual,Number,S,F,IT,2015,1794,,658.8,2.72,0,1794,0,658.8,0,2.72
752,dataflow,D_GE4,Annual,Number,S,F,IT,2016,1752,,667.4,2.63,0,1752,0,667.4,0,2.63
753,dataflow,D_GE4,Annual,Number,S,F,IT,2017,1848,,693.5,2.66,0,1848,0,693.5,0,2.66
754,dataflow,D_GE4,Annual,Number,S,F,IT,2018,1693,,706.6,2.4,0,1693,0,706.6,0,2.4
755,dataflow,D_GE4,Annual,Number,S,F,IT,2019,1673,,704.3,2.38,0,1673,0,704.3,0,2.38
756,dataflow,D_GE4,Annual,Number,S,F,IT,2020,2252,break in time series,706.7,3.19,0,2252,0,706.7,0,3.19
757,dataflow,D_GE4,Annual,Number,S,F,IT,2021,1291,,703.3,1.84,0,1291,0,703.3,0,1.84
758,dataflow,D_GE4,Annual,Number,S,F,IT,2022,1595,,745.9,2.14,0,1595,0,745.9,0,2.14
759,dataflow,D_GE4,Annual,Number,S,F,IT,2023,1289,,709.5,1.82,0,1289,0,709.5,0,1.82
760,dataflow,D_GE4,Annual,Number,S,M,IT,2014,2497,,652.1,3.83,2497,0,652.1,0,3.83,0
761,dataflow,D_GE4,Annual,Number,S,M,IT,2015,2234,,658.8,3.39,2234,0,658.8,0,3.39,0
762,dataflow,D_GE4,Annual,Number,S,M,IT,2016,2172,,667.4,3.25,2172,0,667.4,0,3.25,0
763,dataflow,D_GE4,Annual,Number,S,M,IT,2017,2154,,693.5,3.11,2154,0,693.5,0,3.11,0
764,dataflow,D_GE4,Annual,Number,S,M,IT,2018,2053,,706.6,2.91,2053,0,706.6,0,2.91,0
765,dataflow,D_GE4,Annual,Number,S,M,IT,2019,1976,,704.3,2.81,1976,0,704.3,0,2.81,0
766,dataflow,D_GE4,Annual,Number,S,M,IT,2020,1612,break in time series,706.7,2.28,1612,0,706.7,0,2.28,0
767,dataflow,D_GE4,Annual,Number,S,M,IT,2021,1445,,703.3,2.05,1445,0,703.3,0,2.05,0
768,dataflow,D_GE4,Annual,Number,S,M,IT,2022,1536,,745.9,2.06,1536,0,745.9,0,2.06,0
769,dataflow,D_GE4,Annual,Number,S,M,IT,2023,1500,,709.5,2.11,1500,0,709.5,0,2.11,0
770,dataflow,D_GE4,Annual,Number,S,UNK,IT,2014,0,,652.1,0,0,0,248.74,403.36,0,0
771,dataflow,D_GE4,Annual,Number,S,UNK,IT,2015,0,,658.8,0,0,0,255.56,403.24,0,0
772,dataflow,D_GE4,Annual,Number,S,UNK,IT,2016,0,,667.4,0,0,0,260.8,406.6,0,0
773,dataflow,D_GE4,Annual,Number,S,UNK,IT,2017,0,,693.5,0,0,0,265.56,427.94,0,0
774,dataflow,D_GE4,Annual,Number,S,UNK,IT,2018,0,,706.6,0,0,0,268.34,438.26,0,0
775,dataflow,D_GE4,Annual,Number,S,UNK,IT,2019,0,,704.3,0,0,0,268.6,435.7,0,0
776,dataflow,D_GE4,Annual,Number,S,UNK,IT,2020,0,break in time series,706.7,0,0,0,273.54,433.16,0,0
777,dataflow,D_GE4,Annual,Number,S,UNK,IT,2021,0,,703.3,0,0,0,261.36,441.94,0,0
778,dataflow,D_GE4,Annual,Number,S,UNK,IT,2022,0,,745.9,0,0,0,267.1,478.8,0,0
779,dataflow,D_GE4,Annual,Number,S,UNK,IT,2023,0,,709.5,0,0,0,245.53,463.97,0,0
780,dataflow,D_GE4,Annual,Number,T,F,IT,2014,21,,776.1,0.03,0,21,0,776.1,0,0.03
781,dataflow,D_GE4,Annual,Number,T,F,IT,2015,22,,786.5,0.03,0,22,0,786.5,0,0.03
782,dataflow,D_GE4,Annual,Number,T,F,IT,2016,12,,763,0.02,0,12,0,763,0,0.02
783,dataflow,D_GE4,Annual,Number,T,F,IT,2017,10,,763.4,0.01,0,10,0,763.4,0,0.01
784,dataflow,D_GE4,Annual,Number,T,F,IT,2018,15,,736.9,0.02,0,15,0,736.9,0,0.02
785,dataflow,D_GE4,Annual,Number,T,F,IT,2019,12,,711.4,0.02,0,12,0,711.4,0,0.02
786,dataflow,D_GE4,Annual,Number,T,F,IT,2020,8,break in time series,640,0.01,0,8,0,640,0,0.01
787,dataflow,D_GE4,Annual,Number,T,F,IT,2021,6,,666.4,0.01,0,6,0,666.4,0,0.01
788,dataflow,D_GE4,Annual,Number,T,F,IT,2022,7,,637.4,0.01,0,7,0,637.4,0,0.01
789,dataflow,D_GE4,Annual,Number,T,F,IT,2023,9,,614.6,0.01,0,9,0,614.6,0,0.01
790,dataflow,D_GE4,Annual,Number,T,M,IT,2014,20,,776.1,0.03,20,0,776.1,0,0.03,0
791,dataflow,D_GE4,Annual,Number,T,M,IT,2015,20,,786.5,0.03,20,0,786.5,0,0.03,0
792,dataflow,D_GE4,Annual,Number,T,M,IT,2016,19,,763,0.02,19,0,763,0,0.02,0
793,dataflow,D_GE4,Annual,Number,T,M,IT,2017,13,,763.4,0.02,13,0,763.4,0,0.02,0
794,dataflow,D_GE4,Annual,Number,T,M,IT,2018,19,,736.9,0.03,19,0,736.9,0,0.03,0
795,dataflow,D_GE4,Annual,Number,T,M,IT,2019,18,,711.4,0.03,18,0,711.4,0,0.03,0
796,dataflow,D_GE4,Annual,Number,T,M,IT,2020,13,break in time series,640,0.02,13,0,640,0,0.02,0
797,dataflow,D_GE4,Annual,Number,T,M,IT,2021,13,,666.4,0.02,13,0,666.4,0,0.02,0
798,dataflow,D_GE4,Annual,Number,T,M,IT,2022,5,,637.4,0.01,5,0,637.4,0,0.01,0
799,dataflow,D_GE4,Annual,Number,T,M,IT,2023,5,,614.6,0.01,5,0,614.6,0,0.01,0
800,dataflow,D_GE4,Annual,Number,T,UNK,IT,2014,0,,776.1,0,0,0,114.7,661.4,0,0
801,dataflow,D_GE4,Annual,Number,T,UNK,IT,2015,0,,786.5,0,0,0,110,676.5,0,0
802,dataflow,D_GE4,Annual,Number,T,UNK,IT,2016,0,,763,0,0,0,93.7,669.3,0,0
803,dataflow,D_GE4,Annual,Number,T,UNK,IT,2017,0,,763.4,0,0,0,95.39,668.01,0,0
804,dataflow,D_GE4,Annual,Number,T,UNK,IT,2018,0,,736.9,0,0,0,90.1,646.8,0,0
805,dataflow,D_GE4,Annual,Number,T,UNK,IT,2019,0,,711.4,0,0,0,84.9,626.5,0,0
806,dataflow,D_GE4,Annual,Number,T,UNK,IT,2020,0,break in time series,640,0,0,0,79.41,560.59,0,0
807,dataflow,D_GE4,Annual,Number,T,UNK,IT,2021,0,,666.4,0,0,0,81.6,584.8,0,0
808,dataflow,D_GE4,Annual,Number,T,UNK,IT,2022,0,,637.4,0,0,0,81.1,556.3,0,0
809,dataflow,D_GE4,Annual,Number,T,UNK,IT,2023,0,,614.6,0,0,0,78.9,535.7,0,0
810,dataflow,D_GE4,Annual,Number,U,F,IT,2014,21,,16,1.31,0,21,0,16,0,1.31
811,dataflow,D_GE4,Annual,Number,U,F,IT,2015,20,,16.6,1.2,0,20,0,16.6,0,1.2
812,dataflow,D_GE4,Annual,Number,U,F,IT,2016,22,,15.4,1.43,0,22,0,15.4,0,1.43
813,dataflow,D_GE4,Annual,Number,U,F,IT,2017,18,,19.1,0.94,0,18,0,19.1,0,0.94
814,dataflow,D_GE4,Annual,Number,U,F,IT,2018,21,,17.5,1.2,0,21,0,17.5,0,1.2
815,dataflow,D_GE4,Annual,Number,U,F,IT,2019,20,,13.7,1.46,0,20,0,13.7,0,1.46
816,dataflow,D_GE4,Annual,Number,U,F,IT,2020,14,break in time series,17,0.82,0,14,0,17,0,0.82
817,dataflow,D_GE4,Annual,Number,U,F,IT,2021,11,,16.4,0.67,0,11,0,16.4,0,0.67
818,dataflow,D_GE4,Annual,Number,U,F,IT,2022,10,,18.9,0.53,0,10,0,18.9,0,0.53
819,dataflow,D_GE4,Annual,Number,U,F,IT,2023,21,,17.3,1.21,0,21,0,17.3,0,1.21
820,dataflow,D_GE4,Annual,Number,U,M,IT,2014,31,,16,1.94,31,0,16,0,1.94,0
821,dataflow,D_GE4,Annual,Number,U,M,IT,2015,44,,16.6,2.65,44,0,16.6,0,2.65,0
822,dataflow,D_GE4,Annual,Number,U,M,IT,2016,41,,15.4,2.66,41,0,15.4,0,2.66,0
823,dataflow,D_GE4,Annual,Number,U,M,IT,2017,30,,19.1,1.57,30,0,19.1,0,1.57,0
824,dataflow,D_GE4,Annual,Number,U,M,IT,2018,18,,17.5,1.03,18,0,17.5,0,1.03,0
825,dataflow,D_GE4,Annual,Number,U,M,IT,2019,31,,13.7,2.26,31,0,13.7,0,2.26,0
826,dataflow,D_GE4,Annual,Number,U,M,IT,2020,18,break in time series,17,1.06,18,0,17,0,1.06,0
827,dataflow,D_GE4,Annual,Number,U,M,IT,2021,22,,16.4,1.34,22,0,16.4,0,1.34,0
828,dataflow,D_GE4,Annual,Number,U,M,IT,2022,25,,18.9,1.32,25,0,18.9,0,1.32,0
829,dataflow,D_GE4,Annual,Number,U,M,IT,2023,25,,17.3,1.45,25,0,17.3,0,1.45,0
830,dataflow,D_GE4,Annual,Number,U,UNK,IT,2014,0,,16,0,0,0,9.8,6.2,0,0
831,dataflow,D_GE4,Annual,Number,U,UNK,IT,2015,0,,16.6,0,0,0,9.1,7.5,0,0
832,dataflow,D_GE4,Annual,Number,U,UNK,IT,2016,0,,15.4,0,0,0,7.7,7.7,0,0
833,dataflow,D_GE4,Annual,Number,U,UNK,IT,2017,0,,19.1,0,0,0,7.8,11.3,0,0
834,dataflow,D_GE4,Annual,Number,U,UNK,IT,2018,0,,17.5,0,0,0,9.1,8.4,0,0
835,dataflow,D_GE4,Annual,Number,U,UNK,IT,2019,0,,13.7,0,0,0,7.15,6.55,0,0
836,dataflow,D_GE4,Annual,Number,U,UNK,IT,2020,0,break in time series,17,0,0,0,9.35,7.65,0,0
837,dataflow,D_GE4,Annual,Number,U,UNK,IT,2021,0,,16.4,0,0,0,9.4,7,0,0
838,dataflow,D_GE4,Annual,Number,U,UNK,IT,2022,0,,18.9,0,0,0,8.9,10,0,0
839,dataflow,D_GE4,Annual,Number,U,UNK,IT,2023,0,,17.3,0,0,0,10,7.3,0,0
