STRUCTURE,STRUCTURE_ID,STRUCTURE_NAME,freq,Time frequency,age,Age class,sex,Sex,nace_r2,Statistical classification of economic activities in the European Community (NACE Rev. 2),isco08,International Standard Classification of Occupations 2008 (ISCO-08),unit,Unit of measure,geo,Geopolitical entity (reporting),TIME_PERIOD,Time,OBS_VALUE,Observation value,OBS_FLAG,Observation status (Flag) V2 structure,CONF_STATUS,Confidentiality status (flag)
dataflow,ESTAT:LFSA_EISN2(1.0),Employed persons by occupation and economic activity (NACE Rev. 2) (2008-2026),A,Annual,Y_GE15,15 years or over,T,Total,A,"Agriculture, forestry and fishing",TOTAL,Total,THS_PER,Thousand persons,IT,Italy,2014,,811.6,,,,,
dataflow,ESTAT:LFSA_EISN2(1.0),Employed persons by occupation and economic activity (NACE Rev. 2) (2008-2026),A,Annual,Y_GE15,15 years or over,T,Total,A,"Agriculture, forestry and fishing",TOTAL,Total,THS_PER,Thousand persons,IT,Italy,2015,,842.7,,,,,
dataflow,ESTAT:LFSA_EISN2(1.0),Employed persons by occupation and economic activity (NACE Rev. 2) (2008-2026),A,Annual,Y_GE15,15 years or over,T,Total,A,"Agriculture, forestry and fishing",TOTAL,Total,THS_PER,Thousand persons,IT,Italy,2016,,884.0,,,,,
dataflow,ESTAT:LFSA_EISN2(1.0),Employed persons by occupation and economic activity (NACE Rev. 2) (2008-2026),A,Annual,Y_GE15,15 years or over,T,Total,A,"Agriculture, forestry and fishing",TOTAL,Total,THS_PER,Thousand persons,IT,Italy,2017,,870.9,,,,,
dataflow,ESTAT:LFSA_EISN2(1.0),Employed persons by occupation and economic activity (NACE Rev. 2) (2008-2026),A,Annual,Y_GE15,15 years or over,T,Total,A,"Agriculture, forestry and fishing",TOTAL,Total,THS_PER,Thousand persons,IT,Italy,2018,,859.4,,b,break in time series,,
dataflow,ESTAT:LFSA_EISN2(1.0),Employed persons by occupation and economic activity (NACE Rev. 2) (2008-2026),A,Annual,Y_GE15,15 years or over,T,Total,A,"Agriculture, forestry and fishing",TOTAL,Total,THS_PER,Thousand persons,IT,Italy,2019,,897.3,,,,,
dataflow,ESTAT:LFSA_EISN2(1.0),Employed persons by occupation and economic activity (NACE Rev. 2) (2008-2026),A,Annual,Y_GE15,15 years or over,T,Total,A,"Agriculture, forestry and fishing",TOTAL,Total,THS_PER,Thousand persons,IT,Italy,2020,,907.3,,,,,
dataflow,ESTAT:LFSA_EISN2(1.0),Employed persons by occupation and economic activity (NACE Rev. 2) (2008-2026),A,Annual,Y_GE15,15 years or over,T,Total,A,"Agriculture, forestry and fishing",TOTAL,Total,THS_PER,Thousand persons,IT,Italy,2021,,913.5,,b,break in time series,,
dataflow,ESTAT:LFSA_EISN2(1.0),Employed persons by occupation and economic activity (NACE Rev. 2) (2008-2026),A,Annual,Y_GE15,15 years or over,T,Total,A,"Agriculture, forestry and fishing",TOTAL,Total,THS_PER,Thousand persons,IT,Italy,2022,,874.9,,,,,
dataflow,ESTAT:LFSA_EISN2(1.0),Employed persons by occupation and economic activity (NACE Rev. 2) (2008-2026),A,Annual,Y_GE15,15 years or over,T,Total,A,"Agriculture, forestry and fishing",TOTAL,Total,THS_PER,Thousand persons,IT,Italy,2023,,847.6,,,,,
dataflow,ESTAT:LFSA_EISN2(1.0),Employed persons by occupation and economic activity (NACE Rev. 2) (2008-2026),A,Annual,Y_GE15,15 years or over,T,Total,B,Mining and quarrying,TOTAL,Total,THS_PER,Thousand persons,IT,Italy,2014,,38.9,,,,,
dataflow,ESTAT:LFSA_EISN2(1.0),Employed persons by occupation and economic activity (NACE Rev. 2) (2008-2026),A,Annual,Y_GE15,15 years or over,T,Total,B,Mining and quarrying,TOTAL,Total,THS_PER,Thousand persons,IT,Italy,2015,,34.1,,,,,
dataflow,ESTAT:LFSA_EISN2(1.0),Employed persons by occupation and economic activity (NACE Rev. 2) (2008-2026),A,Annual,Y_GE15,15 years or over,T,Total,B,Mining and quarrying,TOTAL,Total,THS_PER,Thousand persons,IT,Italy,2016,,32.5,,,,,
dataflow,ESTAT:LFSA_EISN2(1.0),Employed persons by occupation and economic activity (NACE Rev. 2) (2008-2026),A,Annual,Y_GE15,15 years or over,T,Total,B,Mining and quarrying,TOTAL,Total,THS_PER,Thousand persons,IT,Italy,2017,,32.2,,,,,
dataflow,ESTAT:LFSA_EISN2(1.0),Employed persons by occupation and economic activity (NACE Rev. 2) (2008-2026),A,Annual,Y_GE15,15 years or over,T,Total,B,Mining and quarrying,TOTAL,Total,THS_PER,Thousand persons,IT,Italy,2018,,24.8,,b,break in time series,,
dataflow,ESTAT:LFSA_EISN2(1.0),Employed persons by occupation and economic activity (NACE Rev. 2) (2008-2026),A,Annual,Y_GE15,15 years or over,T,Total,B,Mining and quarrying,TOTAL,Total,THS_PER,Thousand persons,IT,Italy,2019,,24.6,,,,,
dataflow,ESTAT:LFSA_EISN2(1.0),Employed persons by occupation and economic activity (NACE Rev. 2) (2008-2026),A,Annual,Y_GE15,15 years or over,T,Total,B,Mining and quarrying,TOTAL,Total,THS_PER,Thousand persons,IT,Italy,2020,,32.7,,,,,
dataflow,ESTAT:LFSA_EISN2(1.0),Employed persons by occupation and economic activity (NACE Rev. 2) (2008-2026),A,Annual,Y_GE15,15 years or over,T,Total,B,Mining and quarrying,TOTAL,Total,THS_PER,Thousand persons,IT,Italy,2021,,31.0,,b,break in time series,,
dataflow,ESTAT:LFSA_EISN2(1.0),Employed persons by occupation and economic activity (NACE Rev. 2) (2008-2026),A,Annual,Y_GE15,15 years or over,T,Total,B,Mining and quarrying,TOTAL,Total,THS_PER,Thousand persons,IT,Italy,2022,,31.4,,,,,
dataflow,ESTAT:LFSA_EISN2(1.0),Employed persons by occupation and economic activity (NACE Rev. 2) (2008-2026),A,Annual,Y_GE15,15 years or over,T,Total,B,Mining and quarrying,TOTAL,Total,THS_PER,Thousand persons,IT,Italy,2023,,30.1,,,,,
dataflow,ESTAT:LFSA_EISN2(1.0),Employed persons by occupation and economic activity (NACE Rev. 2) (2008-2026),A,Annual,Y_GE15,15 years or over,T,Total,C,Manufacturing,TOTAL,Total,THS_PER,Thousand persons,IT,Italy,2014,,4134.2,,,,,
dataflow,ESTAT:LFSA_EISN2(1.0),Employed persons by occupation and economic activity (NACE Rev. 2) (2008-2026),A,Annual,Y_GE15,15 years or over,T,Total,C,Manufacturing,TOTAL,Total,THS_PER,Thousand persons,IT,Italy,2015,,4121.8,,,,,
dataflow,ESTAT:LFSA_EISN2(1.0),Employed persons by occupation and economic activity (NACE Rev. 2) (2008-2026),A,Annual,Y_GE15,15 years or over,T,Total,C,Manufacturing,TOTAL,Total,THS_PER,Thousand persons,IT,Italy,2016,,4148.3,,,,,
dataflow,ESTAT:LFSA_EISN2(1.0),Employed persons by occupation and economic activity (NACE Rev. 2) (2008-2026),A,Annual,Y_GE15,15 years or over,T,Total,C,Manufacturing,TOTAL,Total,THS_PER,Thousand persons,IT,Italy,2017,,4187.6,,,,,
dataflow,ESTAT:LFSA_EISN2(1.0),Employed persons by occupation and economic activity (NACE Rev. 2) (2008-2026),A,Annual,Y_GE15,15 years or over,T,Total,C,Manufacturing,TOTAL,Total,THS_PER,Thousand persons,IT,Italy,2018,,4232.4,,b,break in time series,,
dataflow,ESTAT:LFSA_EISN2(1.0),Employed persons by occupation and economic activity (NACE Rev. 2) (2008-2026),A,Annual,Y_GE15,15 years or over,T,Total,C,Manufacturing,TOTAL,Total,THS_PER,Thousand persons,IT,Italy,2019,,4287.3,,,,,
dataflow,ESTAT:LFSA_EISN2(1.0),Employed persons by occupation and economic activity (NACE Rev. 2) (2008-2026),A,Annual,Y_GE15,15 years or over,T,Total,C,Manufacturing,TOTAL,Total,THS_PER,Thousand persons,IT,Italy,2020,,4245.0,,,,,
dataflow,ESTAT:LFSA_EISN2(1.0),Employed persons by occupation and economic activity (NACE Rev. 2) (2008-2026),A,Annual,Y_GE15,15 years or over,T,Total,C,Manufacturing,TOTAL,Total,THS_PER,Thousand persons,IT,Italy,2021,,4184.6,,b,break in time series,,
dataflow,ESTAT:LFSA_EISN2(1.0),Employed persons by occupation and economic activity (NACE Rev. 2) (2008-2026),A,Annual,Y_GE15,15 years or over,T,Total,C,Manufacturing,TOTAL,Total,THS_PER,Thousand persons,IT,Italy,2022,,4258.4,,,,,
dataflow,ESTAT:LFSA_EISN2(1.0),Employed persons by occupation and economic activity (NACE Rev. 2) (2008-2026),A,Annual,Y_GE15,15 years or over,T,Total,C,Manufacturing,TOTAL,Total,THS_PER,Thousand persons,IT,Italy,2023,,4320.1,,,,,
dataflow,ESTAT:LFSA_EISN2(1.0),Employed persons by occupation and economic activity (NACE Rev. 2) (2008-2026),A,Annual,Y_GE15,15 years or over,T,Total,D,"Electricity, gas, steam and air conditioning supply",TOTAL,Total,THS_PER,Thousand persons,IT,Italy,2014,,107.8,,,,,
dataflow,ESTAT:LFSA_EISN2(1.0),Employed persons by occupation and economic activity (NACE Rev. 2) (2008-2026),A,Annual,Y_GE15,15 years or over,T,Total,D,"Electricity, gas, steam and air conditioning supply",TOTAL,Total,THS_PER,Thousand persons,IT,Italy,2015,,113.9,,,,,
dataflow,ESTAT:LFSA_EISN2(1.0),Employed persons by occupation and economic activity (NACE Rev. 2) (2008-2026),A,Annual,Y_GE15,15 years or over,T,Total,D,"Electricity, gas, steam and air conditioning supply",TOTAL,Total,THS_PER,Thousand persons,IT,Italy,2016,,125.5,,,,,
dataflow,ESTAT:LFSA_EISN2(1.0),Employed persons by occupation and economic activity (NACE Rev. 2) (2008-2026),A,Annual,Y_GE15,15 years or over,T,Total,D,"Electricity, gas, steam and air conditioning supply",TOTAL,Total,THS_PER,Thousand persons,IT,Italy,2017,,120.6,,,,,
dataflow,ESTAT:LFSA_EISN2(1.0),Employed persons by occupation and economic activity (NACE Rev. 2) (2008-2026),A,Annual,Y_GE15,15 years or over,T,Total,D,"Electricity, gas, steam and air conditioning supply",TOTAL,Total,THS_PER,Thousand persons,IT,Italy,2018,,108.1,,b,break in time series,,
dataflow,ESTAT:LFSA_EISN2(1.0),Employed persons by occupation and economic activity (NACE Rev. 2) (2008-2026),A,Annual,Y_GE15,15 years or over,T,Total,D,"Electricity, gas, steam and air conditioning supply",TOTAL,Total,THS_PER,Thousand persons,IT,Italy,2019,,113.2,,,,,
dataflow,ESTAT:LFSA_EISN2(1.0),Employed persons by occupation and economic activity (NACE Rev. 2) (2008-2026),A,Annual,Y_GE15,15 years or over,T,Total,D,"Electricity, gas, steam and air conditioning supply",TOTAL,Total,THS_PER,Thousand persons,IT,Italy,2020,,115.7,,,,,
dataflow,ESTAT:LFSA_EISN2(1.0),Employed persons by occupation and economic activity (NACE Rev. 2) (2008-2026),A,Annual,Y_GE15,15 years or over,T,Total,D,"Electricity, gas, steam and air conditioning supply",TOTAL,Total,THS_PER,Thousand persons,IT,Italy,2021,,112.9,,b,break in time series,,
dataflow,ESTAT:LFSA_EISN2(1.0),Employed persons by occupation and economic activity (NACE Rev. 2) (2008-2026),A,Annual,Y_GE15,15 years or over,T,Total,D,"Electricity, gas, steam and air conditioning supply",TOTAL,Total,THS_PER,Thousand persons,IT,Italy,2022,,118.1,,,,,
dataflow,ESTAT:LFSA_EISN2(1.0),Employed persons by occupation and economic activity (NACE Rev. 2) (2008-2026),A,Annual,Y_GE15,15 years or over,T,Total,D,"Electricity, gas, steam and air conditioning supply",TOTAL,Total,THS_PER,Thousand persons,IT,Italy,2023,,146.4,,,,,
dataflow,ESTAT:LFSA_EISN2(1.0),Employed persons by occupation and economic activity (NACE Rev. 2) (2008-2026),A,Annual,Y_GE15,15 years or over,T,Total,E,"Water supply; sewerage, waste management and remediation activities",TOTAL,Total,THS_PER,Thousand persons,IT,Italy,2014,,228.4,,,,,
dataflow,ESTAT:LFSA_EISN2(1.0),Employed persons by occupation and economic activity (NACE Rev. 2) (2008-2026),A,Annual,Y_GE15,15 years or over,T,Total,E,"Water supply; sewerage, waste management and remediation activities",TOTAL,Total,THS_PER,Thousand persons,IT,Italy,2015,,237.6,,,,,
dataflow,ESTAT:LFSA_EISN2(1.0),Employed persons by occupation and economic activity (NACE Rev. 2) (2008-2026),A,Annual,Y_GE15,15 years or over,T,Total,E,"Water supply; sewerage, waste management and remediation activities",TOTAL,Total,THS_PER,Thousand persons,IT,Italy,2016,,234.8,,,,,
dataflow,ESTAT:LFSA_EISN2(1.0),Employed persons by occupation and economic activity (NACE Rev. 2) (2008-2026),A,Annual,Y_GE15,15 years or over,T,Total,E,"Water supply; sewerage, waste management and remediation activities",TOTAL,Total,THS_PER,Thousand persons,IT,Italy,2017,,230.2,,,,,
dataflow,ESTAT:LFSA_EISN2(1.0),Employed persons by occupation and economic activity (NACE Rev. 2) (2008-2026),A,Annual,Y_GE15,15 years or over,T,Total,E,"Water supply; sewerage, waste management and remediation activities",TOTAL,Total,THS_PER,Thousand persons,IT,Italy,2018,,246.3,,b,break in time series,,
dataflow,ESTAT:LFSA_EISN2(1.0),Employed persons by occupation and economic activity (NACE Rev. 2) (2008-2026),A,Annual,Y_GE15,15 years or over,T,Total,E,"Water supply; sewerage, waste management and remediation activities",TOTAL,Total,THS_PER,Thousand persons,IT,Italy,2019,,241.0,,,,,
dataflow,ESTAT:LFSA_EISN2(1.0),Employed persons by occupation and economic activity (NACE Rev. 2) (2008-2026),A,Annual,Y_GE15,15 years or over,T,Total,E,"Water supply; sewerage, waste management and remediation activities",TOTAL,Total,THS_PER,Thousand persons,IT,Italy,2020,,241.1,,,,,
dataflow,ESTAT:LFSA_EISN2(1.0),Employed persons by occupation and economic activity (NACE Rev. 2) (2008-2026),A,Annual,Y_GE15,15 years or over,T,Total,E,"Water supply; sewerage, waste management and remediation activities",TOTAL,Total,THS_PER,Thousand persons,IT,Italy,2021,,248.9,,b,break in time series,,
dataflow,ESTAT:LFSA_EISN2(1.0),Employed persons by occupation and economic activity (NACE Rev. 2) (2008-2026),A,Annual,Y_GE15,15 years or over,T,Total,E,"Water supply; sewerage, waste management and remediation activities",TOTAL,Total,THS_PER,Thousand persons,IT,Italy,2022,,248.5,,,,,
dataflow,ESTAT:LFSA_EISN2(1.0),Employed persons by occupation and economic activity (NACE Rev. 2) (2008-2026),A,Annual,Y_GE15,15 years or over,T,Total,E,"Water supply; sewerage, waste management and remediation activities",TOTAL,Total,THS_PER,Thousand persons,IT,Italy,2023,,253.6,,,,,
dataflow,ESTAT:LFSA_EISN2(1.0),Employed persons by occupation and economic activity (NACE Rev. 2) (2008-2026),A,Annual,Y_GE15,15 years or over,T,Total,F,Construction,TOTAL,Total,THS_PER,Thousand persons,IT,Italy,2014,,1483.9,,,,,
dataflow,ESTAT:LFSA_EISN2(1.0),Employed persons by occupation and economic activity (NACE Rev. 2) (2008-2026),A,Annual,Y_GE15,15 years or over,T,Total,F,Construction,TOTAL,Total,THS_PER,Thousand persons,IT,Italy,2015,,1468.2,,,,,
dataflow,ESTAT:LFSA_EISN2(1.0),Employed persons by occupation and economic activity (NACE Rev. 2) (2008-2026),A,Annual,Y_GE15,15 years or over,T,Total,F,Construction,TOTAL,Total,THS_PER,Thousand persons,IT,Italy,2016,,1403.7,,,,,
dataflow,ESTAT:LFSA_EISN2(1.0),Employed persons by occupation and economic activity (NACE Rev. 2) (2008-2026),A,Annual,Y_GE15,15 years or over,T,Total,F,Construction,TOTAL,Total,THS_PER,Thousand persons,IT,Italy,2017,,1415.8,,,,,
dataflow,ESTAT:LFSA_EISN2(1.0),Employed persons by occupation and economic activity (NACE Rev. 2) (2008-2026),A,Annual,Y_GE15,15 years or over,T,Total,F,Construction,TOTAL,Total,THS_PER,Thousand persons,IT,Italy,2018,,1385.3,,b,break in time series,,
dataflow,ESTAT:LFSA_EISN2(1.0),Employed persons by occupation and economic activity (NACE Rev. 2) (2008-2026),A,Annual,Y_GE15,15 years or over,T,Total,F,Construction,TOTAL,Total,THS_PER,Thousand persons,IT,Italy,2019,,1323.1,,,,,
dataflow,ESTAT:LFSA_EISN2(1.0),Employed persons by occupation and economic activity (NACE Rev. 2) (2008-2026),A,Annual,Y_GE15,15 years or over,T,Total,F,Construction,TOTAL,Total,THS_PER,Thousand persons,IT,Italy,2020,,1341.5,,,,,
dataflow,ESTAT:LFSA_EISN2(1.0),Employed persons by occupation and economic activity (NACE Rev. 2) (2008-2026),A,Annual,Y_GE15,15 years or over,T,Total,F,Construction,TOTAL,Total,THS_PER,Thousand persons,IT,Italy,2021,,1430.8,,b,break in time series,,
dataflow,ESTAT:LFSA_EISN2(1.0),Employed persons by occupation and economic activity (NACE Rev. 2) (2008-2026),A,Annual,Y_GE15,15 years or over,T,Total,F,Construction,TOTAL,Total,THS_PER,Thousand persons,IT,Italy,2022,,1550.7,,,,,
dataflow,ESTAT:LFSA_EISN2(1.0),Employed persons by occupation and economic activity (NACE Rev. 2) (2008-2026),A,Annual,Y_GE15,15 years or over,T,Total,F,Construction,TOTAL,Total,THS_PER,Thousand persons,IT,Italy,2023,,1530.9,,,,,
dataflow,ESTAT:LFSA_EISN2(1.0),Employed persons by occupation and economic activity (NACE Rev. 2) (2008-2026),A,Annual,Y_GE15,15 years or over,T,Total,G,Wholesale and retail trade; repair of motor vehicles and motorcycles,TOTAL,Total,THS_PER,Thousand persons,IT,Italy,2014,,3226.5,,,,,
dataflow,ESTAT:LFSA_EISN2(1.0),Employed persons by occupation and economic activity (NACE Rev. 2) (2008-2026),A,Annual,Y_GE15,15 years or over,T,Total,G,Wholesale and retail trade; repair of motor vehicles and motorcycles,TOTAL,Total,THS_PER,Thousand persons,IT,Italy,2015,,3194.0,,,,,
dataflow,ESTAT:LFSA_EISN2(1.0),Employed persons by occupation and economic activity (NACE Rev. 2) (2008-2026),A,Annual,Y_GE15,15 years or over,T,Total,G,Wholesale and retail trade; repair of motor vehicles and motorcycles,TOTAL,Total,THS_PER,Thousand persons,IT,Italy,2016,,3241.3,,,,,
dataflow,ESTAT:LFSA_EISN2(1.0),Employed persons by occupation and economic activity (NACE Rev. 2) (2008-2026),A,Annual,Y_GE15,15 years or over,T,Total,G,Wholesale and retail trade; repair of motor vehicles and motorcycles,TOTAL,Total,THS_PER,Thousand persons,IT,Italy,2017,,3287.1,,,,,
dataflow,ESTAT:LFSA_EISN2(1.0),Employed persons by occupation and economic activity (NACE Rev. 2) (2008-2026),A,Annual,Y_GE15,15 years or over,T,Total,G,Wholesale and retail trade; repair of motor vehicles and motorcycles,TOTAL,Total,THS_PER,Thousand persons,IT,Italy,2018,,3255.5,,b,break in time series,,
dataflow,ESTAT:LFSA_EISN2(1.0),Employed persons by occupation and economic activity (NACE Rev. 2) (2008-2026),A,Annual,Y_GE15,15 years or over,T,Total,G,Wholesale and retail trade; repair of motor vehicles and motorcycles,TOTAL,Total,THS_PER,Thousand persons,IT,Italy,2019,,3256.0,,,,,
dataflow,ESTAT:LFSA_EISN2(1.0),Employed persons by occupation and economic activity (NACE Rev. 2) (2008-2026),A,Annual,Y_GE15,15 years or over,T,Total,G,Wholesale and retail trade; repair of motor vehicles and motorcycles,TOTAL,Total,THS_PER,Thousand persons,IT,Italy,2020,,3154.9,,,,,
dataflow,ESTAT:LFSA_EISN2(1.0),Employed persons by occupation and economic activity (NACE Rev. 2) (2008-2026),A,Annual,Y_GE15,15 years or over,T,Total,G,Wholesale and retail trade; repair of motor vehicles and motorcycles,TOTAL,Total,THS_PER,Thousand persons,IT,Italy,2021,,3106.6,,b,break in time series,,
dataflow,ESTAT:LFSA_EISN2(1.0),Employed persons by occupation and economic activity (NACE Rev. 2) (2008-2026),A,Annual,Y_GE15,15 years or over,T,Total,G,Wholesale and retail trade; repair of motor vehicles and motorcycles,TOTAL,Total,THS_PER,Thousand persons,IT,Italy,2022,,3137.1,,,,,
dataflow,ESTAT:LFSA_EISN2(1.0),Employed persons by occupation and economic activity (NACE Rev. 2) (2008-2026),A,Annual,Y_GE15,15 years or over,T,Total,G,Wholesale and retail trade; repair of motor vehicles and motorcycles,TOTAL,Total,THS_PER,Thousand persons,IT,Italy,2023,,3189.8,,,,,
dataflow,ESTAT:LFSA_EISN2(1.0),Employed persons by occupation and economic activity (NACE Rev. 2) (2008-2026),A,Annual,Y_GE15,15 years or over,T,Total,H,Transportation and storage,TOTAL,Total,THS_PER,Thousand persons,IT,Italy,2014,,1039.1,,,,,
dataflow,ESTAT:LFSA_EISN2(1.0),Employed persons by occupation and economic activity (NACE Rev. 2) (2008-2026),A,Annual,Y_GE15,15 years or over,T,Total,H,Transportation and storage,TOTAL,Total,THS_PER,Thousand persons,IT,Italy,2015,,1033.0,,,,,
dataflow,ESTAT:LFSA_EISN2(1.0),Employed persons by occupation and economic activity (NACE Rev. 2) (2008-2026),A,Annual,Y_GE15,15 years or over,T,Total,H,Transportation and storage,TOTAL,Total,THS_PER,Thousand persons,IT,Italy,2016,,1084.9,,,,,
dataflow,ESTAT:LFSA_EISN2(1.0),Employed persons by occupation and economic activity (NACE Rev. 2) (2008-2026),A,Annual,Y_GE15,15 years or over,T,Total,H,Transportation and storage,TOTAL,Total,THS_PER,Thousand persons,IT,Italy,2017,,1109.5,,,,,
dataflow,ESTAT:LFSA_EISN2(1.0),Employed persons by occupation and economic activity (NACE Rev. 2) (2008-2026),A,Annual,Y_GE15,15 years or over,T,Total,H,Transportation and storage,TOTAL,Total,THS_PER,Thousand persons,IT,Italy,2018,,1117.7,,b,break in time series,,
dataflow,ESTAT:LFSA_EISN2(1.0),Employed persons by occupation and economic activity (NACE Rev. 2) (2008-2026),A,Annual,Y_GE15,15 years or over,T,Total,H,Transportation and storage,TOTAL,Total,THS_PER,Thousand persons,IT,Italy,2019,,1131.8,,,,,
dataflow,ESTAT:LFSA_EISN2(1.0),Employed persons by occupation and economic activity (NACE Rev. 2) (2008-2026),A,Annual,Y_GE15,15 years or over,T,Total,H,Transportation and storage,TOTAL,Total,THS_PER,Thousand persons,IT,Italy,2020,,1114.2,,,,,
dataflow,ESTAT:LFSA_EISN2(1.0),Employed persons by occupation and economic activity (NACE Rev. 2) (2008-2026),A,Annual,Y_GE15,15 years or over,T,Total,H,Transportation and storage,TOTAL,Total,THS_PER,Thousand persons,IT,Italy,2021,,1141.3,,b,break in time series,,
dataflow,ESTAT:LFSA_EISN2(1.0),Employed persons by occupation and economic activity (NACE Rev. 2) (2008-2026),A,Annual,Y_GE15,15 years or over,T,Total,H,Transportation and storage,TOTAL,Total,THS_PER,Thousand persons,IT,Italy,2022,,1167.3,,,,,
dataflow,ESTAT:LFSA_EISN2(1.0),Employed persons by occupation and economic activity (NACE Rev. 2) (2008-2026),A,Annual,Y_GE15,15 years or over,T,Total,H,Transportation and storage,TOTAL,Total,THS_PER,Thousand persons,IT,Italy,2023,,1180.0,,,,,
dataflow,ESTAT:LFSA_EISN2(1.0),Employed persons by occupation and economic activity (NACE Rev. 2) (2008-2026),A,Annual,Y_GE15,15 years or over,T,Total,I,Accommodation and food service activities,TOTAL,Total,THS_PER,Thousand persons,IT,Italy,2014,,1269.4,,,,,
dataflow,ESTAT:LFSA_EISN2(1.0),Employed persons by occupation and economic activity (NACE Rev. 2) (2008-2026),A,Annual,Y_GE15,15 years or over,T,Total,I,Accommodation and food service activities,TOTAL,Total,THS_PER,Thousand persons,IT,Italy,2015,,1333.9,,,,,
dataflow,ESTAT:LFSA_EISN2(1.0),Employed persons by occupation and economic activity (NACE Rev. 2) (2008-2026),A,Annual,Y_GE15,15 years or over,T,Total,I,Accommodation and food service activities,TOTAL,Total,THS_PER,Thousand persons,IT,Italy,2016,,1394.9,,,,,
dataflow,ESTAT:LFSA_EISN2(1.0),Employed persons by occupation and economic activity (NACE Rev. 2) (2008-2026),A,Annual,Y_GE15,15 years or over,T,Total,I,Accommodation and food service activities,TOTAL,Total,THS_PER,Thousand persons,IT,Italy,2017,,1451.0,,,,,
dataflow,ESTAT:LFSA_EISN2(1.0),Employed persons by occupation and economic activity (NACE Rev. 2) (2008-2026),A,Annual,Y_GE15,15 years or over,T,Total,I,Accommodation and food service activities,TOTAL,Total,THS_PER,Thousand persons,IT,Italy,2018,,1438.8,,b,break in time series,,
dataflow,ESTAT:LFSA_EISN2(1.0),Employed persons by occupation and economic activity (NACE Rev. 2) (2008-2026),A,Annual,Y_GE15,15 years or over,T,Total,I,Accommodation and food service activities,TOTAL,Total,THS_PER,Thousand persons,IT,Italy,2019,,1456.8,,,,,
dataflow,ESTAT:LFSA_EISN2(1.0),Employed persons by occupation and economic activity (NACE Rev. 2) (2008-2026),A,Annual,Y_GE15,15 years or over,T,Total,I,Accommodation and food service activities,TOTAL,Total,THS_PER,Thousand persons,IT,Italy,2020,,1291.0,,,,,
dataflow,ESTAT:LFSA_EISN2(1.0),Employed persons by occupation and economic activity (NACE Rev. 2) (2008-2026),A,Annual,Y_GE15,15 years or over,T,Total,I,Accommodation and food service activities,TOTAL,Total,THS_PER,Thousand persons,IT,Italy,2021,,1202.8,,b,break in time series,,
dataflow,ESTAT:LFSA_EISN2(1.0),Employed persons by occupation and economic activity (NACE Rev. 2) (2008-2026),A,Annual,Y_GE15,15 years or over,T,Total,I,Accommodation and food service activities,TOTAL,Total,THS_PER,Thousand persons,IT,Italy,2022,,1405.0,,,,,
dataflow,ESTAT:LFSA_EISN2(1.0),Employed persons by occupation and economic activity (NACE Rev. 2) (2008-2026),A,Annual,Y_GE15,15 years or over,T,Total,I,Accommodation and food service activities,TOTAL,Total,THS_PER,Thousand persons,IT,Italy,2023,,1511.1,,,,,
dataflow,ESTAT:LFSA_EISN2(1.0),Employed persons by occupation and economic activity (NACE Rev. 2) (2008-2026),A,Annual,Y_GE15,15 years or over,T,Total,J,Information and communication,TOTAL,Total,THS_PER,Thousand persons,IT,Italy,2014,,551.4,,,,,
dataflow,ESTAT:LFSA_EISN2(1.0),Employed persons by occupation and economic activity (NACE Rev. 2) (2008-2026),A,Annual,Y_GE15,15 years or over,T,Total,J,Information and communication,TOTAL,Total,THS_PER,Thousand persons,IT,Italy,2015,,561.5,,,,,
dataflow,ESTAT:LFSA_EISN2(1.0),Employed persons by occupation and economic activity (NACE Rev. 2) (2008-2026),A,Annual,Y_GE15,15 years or over,T,Total,J,Information and communication,TOTAL,Total,THS_PER,Thousand persons,IT,Italy,2016,,562.0,,,,,
dataflow,ESTAT:LFSA_EISN2(1.0),Employed persons by occupation and economic activity (NACE Rev. 2) (2008-2026),A,Annual,Y_GE15,15 years or over,T,Total,J,Information and communication,TOTAL,Total,THS_PER,Thousand persons,IT,Italy,2017,,564.7,,,,,
dataflow,ESTAT:LFSA_EISN2(1.0),Employed persons by occupation and economic activity (NACE Rev. 2) (2008-2026),A,Annual,Y_GE15,15 years or over,T,Total,J,Information and communication,TOTAL,Total,THS_PER,Thousand persons,IT,Italy,2018,,598.6,,b,break in time series,,
dataflow,ESTAT:LFSA_EISN2(1.0),Employed persons by occupation and economic activity (NACE Rev. 2) (2008-2026),A,Annual,Y_GE15,15 years or over,T,Total,J,Information and communication,TOTAL,Total,THS_PER,Thousand persons,IT,Italy,2019,,614.0,,,,,
dataflow,ESTAT:LFSA_EISN2(1.0),Employed persons by occupation and economic activity (NACE Rev. 2) (2008-2026),A,Annual,Y_GE15,15 years or over,T,Total,J,Information and communication,TOTAL,Total,THS_PER,Thousand persons,IT,Italy,2020,,614.7,,,,,
dataflow,ESTAT:LFSA_EISN2(1.0),Employed persons by occupation and economic activity (NACE Rev. 2) (2008-2026),A,Annual,Y_GE15,15 years or over,T,Total,J,Information and communication,TOTAL,Total,THS_PER,Thousand persons,IT,Italy,2021,,655.7,,b,break in time series,,
dataflow,ESTAT:LFSA_EISN2(1.0),Employed persons by occupation and economic activity (NACE Rev. 2) (2008-2026),A,Annual,Y_GE15,15 years or over,T,Total,J,Information and communication,TOTAL,Total,THS_PER,Thousand persons,IT,Italy,2022,,688.5,,,,,
dataflow,ESTAT:LFSA_EISN2(1.0),Employed persons by occupation and economic activity (NACE Rev. 2) (2008-2026),A,Annual,Y_GE15,15 years or over,T,Total,J,Information and communication,TOTAL,Total,THS_PER,Thousand persons,IT,Italy,2023,,776.1,,,,,
dataflow,ESTAT:LFSA_EISN2(1.0),Employed persons by occupation and economic activity (NACE Rev. 2) (2008-2026),A,Annual,Y_GE15,15 years or over,T,Total,K,Financial and insurance activities,TOTAL,Total,THS_PER,Thousand persons,IT,Italy,2014,,611.6,,,,,
dataflow,ESTAT:LFSA_EISN2(1.0),Employed persons by occupation and economic activity (NACE Rev. 2) (2008-2026),A,Annual,Y_GE15,15 years or over,T,Total,K,Financial and insurance activities,TOTAL,Total,THS_PER,Thousand persons,IT,Italy,2015,,643.7,,,,,
dataflow,ESTAT:LFSA_EISN2(1.0),Employed persons by occupation and economic activity (NACE Rev. 2) (2008-2026),A,Annual,Y_GE15,15 years or over,T,Total,K,Financial and insurance activities,TOTAL,Total,THS_PER,Thousand persons,IT,Italy,2016,,648.8,,,,,
dataflow,ESTAT:LFSA_EISN2(1.0),Employed persons by occupation and economic activity (NACE Rev. 2) (2008-2026),A,Annual,Y_GE15,15 years or over,T,Total,K,Financial and insurance activities,TOTAL,Total,THS_PER,Thousand persons,IT,Italy,2017,,637.7,,,,,
dataflow,ESTAT:LFSA_EISN2(1.0),Employed persons by occupation and economic activity (NACE Rev. 2) (2008-2026),A,Annual,Y_GE15,15 years or over,T,Total,K,Financial and insurance activities,TOTAL,Total,THS_PER,Thousand persons,IT,Italy,2018,,638.9,,b,break in time series,,
dataflow,ESTAT:LFSA_EISN2(1.0),Employed persons by occupation and economic activity (NACE Rev. 2) (2008-2026),A,Annual,Y_GE15,15 years or over,T,Total,K,Financial and insurance activities,TOTAL,Total,THS_PER,Thousand persons,IT,Italy,2019,,633.5,,,,,
dataflow,ESTAT:LFSA_EISN2(1.0),Employed persons by occupation and economic activity (NACE Rev. 2) (2008-2026),A,Annual,Y_GE15,15 years or over,T,Total,K,Financial and insurance activities,TOTAL,Total,THS_PER,Thousand persons,IT,Italy,2020,,616.3,,,,,
dataflow,ESTAT:LFSA_EISN2(1.0),Employed persons by occupation and economic activity (NACE Rev. 2) (2008-2026),A,Annual,Y_GE15,15 years or over,T,Total,K,Financial and insurance activities,TOTAL,Total,THS_PER,Thousand persons,IT,Italy,2021,,625.1,,b,break in time series,,
dataflow,ESTAT:LFSA_EISN2(1.0),Employed persons by occupation and economic activity (NACE Rev. 2) (2008-2026),A,Annual,Y_GE15,15 years or over,T,Total,K,Financial and insurance activities,TOTAL,Total,THS_PER,Thousand persons,IT,Italy,2022,,605.1,,,,,
dataflow,ESTAT:LFSA_EISN2(1.0),Employed persons by occupation and economic activity (NACE Rev. 2) (2008-2026),A,Annual,Y_GE15,15 years or over,T,Total,K,Financial and insurance activities,TOTAL,Total,THS_PER,Thousand persons,IT,Italy,2023,,606.7,,,,,
dataflow,ESTAT:LFSA_EISN2(1.0),Employed persons by occupation and economic activity (NACE Rev. 2) (2008-2026),A,Annual,Y_GE15,15 years or over,T,Total,L,Real estate activities,TOTAL,Total,THS_PER,Thousand persons,IT,Italy,2014,,125.7,,,,,
dataflow,ESTAT:LFSA_EISN2(1.0),Employed persons by occupation and economic activity (NACE Rev. 2) (2008-2026),A,Annual,Y_GE15,15 years or over,T,Total,L,Real estate activities,TOTAL,Total,THS_PER,Thousand persons,IT,Italy,2015,,132.3,,,,,
dataflow,ESTAT:LFSA_EISN2(1.0),Employed persons by occupation and economic activity (NACE Rev. 2) (2008-2026),A,Annual,Y_GE15,15 years or over,T,Total,L,Real estate activities,TOTAL,Total,THS_PER,Thousand persons,IT,Italy,2016,,140.6,,,,,
dataflow,ESTAT:LFSA_EISN2(1.0),Employed persons by occupation and economic activity (NACE Rev. 2) (2008-2026),A,Annual,Y_GE15,15 years or over,T,Total,L,Real estate activities,TOTAL,Total,THS_PER,Thousand persons,IT,Italy,2017,,144.2,,,,,
dataflow,ESTAT:LFSA_EISN2(1.0),Employed persons by occupation and economic activity (NACE Rev. 2) (2008-2026),A,Annual,Y_GE15,15 years or over,T,Total,L,Real estate activities,TOTAL,Total,THS_PER,Thousand persons,IT,Italy,2018,,147.9,,b,break in time series,,
dataflow,ESTAT:LFSA_EISN2(1.0),Employed persons by occupation and economic activity (NACE Rev. 2) (2008-2026),A,Annual,Y_GE15,15 years or over,T,Total,L,Real estate activities,TOTAL,Total,THS_PER,Thousand persons,IT,Italy,2019,,162.4,,,,,
dataflow,ESTAT:LFSA_EISN2(1.0),Employed persons by occupation and economic activity (NACE Rev. 2) (2008-2026),A,Annual,Y_GE15,15 years or over,T,Total,L,Real estate activities,TOTAL,Total,THS_PER,Thousand persons,IT,Italy,2020,,153.3,,,,,
dataflow,ESTAT:LFSA_EISN2(1.0),Employed persons by occupation and economic activity (NACE Rev. 2) (2008-2026),A,Annual,Y_GE15,15 years or over,T,Total,L,Real estate activities,TOTAL,Total,THS_PER,Thousand persons,IT,Italy,2021,,136.1,,b,break in time series,,
dataflow,ESTAT:LFSA_EISN2(1.0),Employed persons by occupation and economic activity (NACE Rev. 2) (2008-2026),A,Annual,Y_GE15,15 years or over,T,Total,L,Real estate activities,TOTAL,Total,THS_PER,Thousand persons,IT,Italy,2022,,156.1,,,,,
dataflow,ESTAT:LFSA_EISN2(1.0),Employed persons by occupation and economic activity (NACE Rev. 2) (2008-2026),A,Annual,Y_GE15,15 years or over,T,Total,L,Real estate activities,TOTAL,Total,THS_PER,Thousand persons,IT,Italy,2023,,158.9,,,,,
dataflow,ESTAT:LFSA_EISN2(1.0),Employed persons by occupation and economic activity (NACE Rev. 2) (2008-2026),A,Annual,Y_GE15,15 years or over,T,Total,M,"Professional, scientific and technical activities",TOTAL,Total,THS_PER,Thousand persons,IT,Italy,2014,,1403.4,,,,,
dataflow,ESTAT:LFSA_EISN2(1.0),Employed persons by occupation and economic activity (NACE Rev. 2) (2008-2026),A,Annual,Y_GE15,15 years or over,T,Total,M,"Professional, scientific and technical activities",TOTAL,Total,THS_PER,Thousand persons,IT,Italy,2015,,1415.8,,,,,
dataflow,ESTAT:LFSA_EISN2(1.0),Employed persons by occupation and economic activity (NACE Rev. 2) (2008-2026),A,Annual,Y_GE15,15 years or over,T,Total,M,"Professional, scientific and technical activities",TOTAL,Total,THS_PER,Thousand persons,IT,Italy,2016,,1459.2,,,,,
dataflow,ESTAT:LFSA_EISN2(1.0),Employed persons by occupation and economic activity (NACE Rev. 2) (2008-2026),A,Annual,Y_GE15,15 years or over,T,Total,M,"Professional, scientific and technical activities",TOTAL,Total,THS_PER,Thousand persons,IT,Italy,2017,,1457.3,,,,,
dataflow,ESTAT:LFSA_EISN2(1.0),Employed persons by occupation and economic activity (NACE Rev. 2) (2008-2026),A,Annual,Y_GE15,15 years or over,T,Total,M,"Professional, scientific and technical activities",TOTAL,Total,THS_PER,Thousand persons,IT,Italy,2018,,1476.5,,b,break in time series,,
dataflow,ESTAT:LFSA_EISN2(1.0),Employed persons by occupation and economic activity (NACE Rev. 2) (2008-2026),A,Annual,Y_GE15,15 years or over,T,Total,M,"Professional, scientific and technical activities",TOTAL,Total,THS_PER,Thousand persons,IT,Italy,2019,,1508.6,,,,,
dataflow,ESTAT:LFSA_EISN2(1.0),Employed persons by occupation and economic activity (NACE Rev. 2) (2008-2026),A,Annual,Y_GE15,15 years or over,T,Total,M,"Professional, scientific and technical activities",TOTAL,Total,THS_PER,Thousand persons,IT,Italy,2020,,1495.1,,,,,
dataflow,ESTAT:LFSA_EISN2(1.0),Employed persons by occupation and economic activity (NACE Rev. 2) (2008-2026),A,Annual,Y_GE15,15 years or over,T,Total,M,"Professional, scientific and technical activities",TOTAL,Total,THS_PER,Thousand persons,IT,Italy,2021,,1484.0,,b,break in time series,,
dataflow,ESTAT:LFSA_EISN2(1.0),Employed persons by occupation and economic activity (NACE Rev. 2) (2008-2026),A,Annual,Y_GE15,15 years or over,T,Total,M,"Professional, scientific and technical activities",TOTAL,Total,THS_PER,Thousand persons,IT,Italy,2022,,1513.1,,,,,
dataflow,ESTAT:LFSA_EISN2(1.0),Employed persons by occupation and economic activity (NACE Rev. 2) (2008-2026),A,Annual,Y_GE15,15 years or over,T,Total,M,"Professional, scientific and technical activities",TOTAL,Total,THS_PER,Thousand persons,IT,Italy,2023,,1595.7,,,,,
dataflow,ESTAT:LFSA_EISN2(1.0),Employed persons by occupation and economic activity (NACE Rev. 2) (2008-2026),A,Annual,Y_GE15,15 years or over,T,Total,N,Administrative and support service activities,TOTAL,Total,THS_PER,Thousand persons,IT,Italy,2014,,907.4,,,,,
dataflow,ESTAT:LFSA_EISN2(1.0),Employed persons by occupation and economic activity (NACE Rev. 2) (2008-2026),A,Annual,Y_GE15,15 years or over,T,Total,N,Administrative and support service activities,TOTAL,Total,THS_PER,Thousand persons,IT,Italy,2015,,968.3,,,,,
dataflow,ESTAT:LFSA_EISN2(1.0),Employed persons by occupation and economic activity (NACE Rev. 2) (2008-2026),A,Annual,Y_GE15,15 years or over,T,Total,N,Administrative and support service activities,TOTAL,Total,THS_PER,Thousand persons,IT,Italy,2016,,991.3,,,,,
dataflow,ESTAT:LFSA_EISN2(1.0),Employed persons by occupation and economic activity (NACE Rev. 2) (2008-2026),A,Annual,Y_GE15,15 years or over,T,Total,N,Administrative and support service activities,TOTAL,Total,THS_PER,Thousand persons,IT,Italy,2017,,965.6,,,,,
dataflow,ESTAT:LFSA_EISN2(1.0),Employed persons by occupation and economic activity (NACE Rev. 2) (2008-2026),A,Annual,Y_GE15,15 years or over,T,Total,N,Administrative and support service activities,TOTAL,Total,THS_PER,Thousand persons,IT,Italy,2018,,995.2,,b,break in time series,,
dataflow,ESTAT:LFSA_EISN2(1.0),Employed persons by occupation and economic activity (NACE Rev. 2) (2008-2026),A,Annual,Y_GE15,15 years or over,T,Total,N,Administrative and support service activities,TOTAL,Total,THS_PER,Thousand persons,IT,Italy,2019,,1016.5,,,,,
dataflow,ESTAT:LFSA_EISN2(1.0),Employed persons by occupation and economic activity (NACE Rev. 2) (2008-2026),A,Annual,Y_GE15,15 years or over,T,Total,N,Administrative and support service activities,TOTAL,Total,THS_PER,Thousand persons,IT,Italy,2020,,952.5,,,,,
dataflow,ESTAT:LFSA_EISN2(1.0),Employed persons by occupation and economic activity (NACE Rev. 2) (2008-2026),A,Annual,Y_GE15,15 years or over,T,Total,N,Administrative and support service activities,TOTAL,Total,THS_PER,Thousand persons,IT,Italy,2021,,980.1,,b,break in time series,,
dataflow,ESTAT:LFSA_EISN2(1.0),Employed persons by occupation and economic activity (NACE Rev. 2) (2008-2026),A,Annual,Y_GE15,15 years or over,T,Total,N,Administrative and support service activities,TOTAL,Total,THS_PER,Thousand persons,IT,Italy,2022,,1006.5,,,,,
dataflow,ESTAT:LFSA_EISN2(1.0),Employed persons by occupation and economic activity (NACE Rev. 2) (2008-2026),A,Annual,Y_GE15,15 years or over,T,Total,N,Administrative and support service activities,TOTAL,Total,THS_PER,Thousand persons,IT,Italy,2023,,973.4,,,,,
dataflow,ESTAT:LFSA_EISN2(1.0),Employed persons by occupation and economic activity (NACE Rev. 2) (2008-2026),A,Annual,Y_GE15,15 years or over,T,Total,O,Public administration and defence; compulsory social security,TOTAL,Total,THS_PER,Thousand persons,IT,Italy,2014,,1279.7,,,,,
dataflow,ESTAT:LFSA_EISN2(1.0),Employed persons by occupation and economic activity (NACE Rev. 2) (2008-2026),A,Annual,Y_GE15,15 years or over,T,Total,O,Public administration and defence; compulsory social security,TOTAL,Total,THS_PER,Thousand persons,IT,Italy,2015,,1293.3,,,,,
dataflow,ESTAT:LFSA_EISN2(1.0),Employed persons by occupation and economic activity (NACE Rev. 2) (2008-2026),A,Annual,Y_GE15,15 years or over,T,Total,O,Public administration and defence; compulsory social security,TOTAL,Total,THS_PER,Thousand persons,IT,Italy,2016,,1262.2,,,,,
dataflow,ESTAT:LFSA_EISN2(1.0),Employed persons by occupation and economic activity (NACE Rev. 2) (2008-2026),A,Annual,Y_GE15,15 years or over,T,Total,O,Public administration and defence; compulsory social security,TOTAL,Total,THS_PER,Thousand persons,IT,Italy,2017,,1259.9,,,,,
dataflow,ESTAT:LFSA_EISN2(1.0),Employed persons by occupation and economic activity (NACE Rev. 2) (2008-2026),A,Annual,Y_GE15,15 years or over,T,Total,O,Public administration and defence; compulsory social security,TOTAL,Total,THS_PER,Thousand persons,IT,Italy,2018,,1235.1,,b,break in time series,,
dataflow,ESTAT:LFSA_EISN2(1.0),Employed persons by occupation and economic activity (NACE Rev. 2) (2008-2026),A,Annual,Y_GE15,15 years or over,T,Total,O,Public administration and defence; compulsory social security,TOTAL,Total,THS_PER,Thousand persons,IT,Italy,2019,,1235.8,,,,,
dataflow,ESTAT:LFSA_EISN2(1.0),Employed persons by occupation and economic activity (NACE Rev. 2) (2008-2026),A,Annual,Y_GE15,15 years or over,T,Total,O,Public administration and defence; compulsory social security,TOTAL,Total,THS_PER,Thousand persons,IT,Italy,2020,,1199.6,,,,,
dataflow,ESTAT:LFSA_EISN2(1.0),Employed persons by occupation and economic activity (NACE Rev. 2) (2008-2026),A,Annual,Y_GE15,15 years or over,T,Total,O,Public administration and defence; compulsory social security,TOTAL,Total,THS_PER,Thousand persons,IT,Italy,2021,,1147.7,,b,break in time series,,
dataflow,ESTAT:LFSA_EISN2(1.0),Employed persons by occupation and economic activity (NACE Rev. 2) (2008-2026),A,Annual,Y_GE15,15 years or over,T,Total,O,Public administration and defence; compulsory social security,TOTAL,Total,THS_PER,Thousand persons,IT,Italy,2022,,1142.2,,,,,
dataflow,ESTAT:LFSA_EISN2(1.0),Employed persons by occupation and economic activity (NACE Rev. 2) (2008-2026),A,Annual,Y_GE15,15 years or over,T,Total,O,Public administration and defence; compulsory social security,TOTAL,Total,THS_PER,Thousand persons,IT,Italy,2023,,1181.8,,,,,
dataflow,ESTAT:LFSA_EISN2(1.0),Employed persons by occupation and economic activity (NACE Rev. 2) (2008-2026),A,Annual,Y_GE15,15 years or over,T,Total,P,Education,TOTAL,Total,THS_PER,Thousand persons,IT,Italy,2014,,1513.3,,,,,
dataflow,ESTAT:LFSA_EISN2(1.0),Employed persons by occupation and economic activity (NACE Rev. 2) (2008-2026),A,Annual,Y_GE15,15 years or over,T,Total,P,Education,TOTAL,Total,THS_PER,Thousand persons,IT,Italy,2015,,1508.6,,,,,
dataflow,ESTAT:LFSA_EISN2(1.0),Employed persons by occupation and economic activity (NACE Rev. 2) (2008-2026),A,Annual,Y_GE15,15 years or over,T,Total,P,Education,TOTAL,Total,THS_PER,Thousand persons,IT,Italy,2016,,1542.8,,,,,
dataflow,ESTAT:LFSA_EISN2(1.0),Employed persons by occupation and economic activity (NACE Rev. 2) (2008-2026),A,Annual,Y_GE15,15 years or over,T,Total,P,Education,TOTAL,Total,THS_PER,Thousand persons,IT,Italy,2017,,1614.1,,,,,
dataflow,ESTAT:LFSA_EISN2(1.0),Employed persons by occupation and economic activity (NACE Rev. 2) (2008-2026),A,Annual,Y_GE15,15 years or over,T,Total,P,Education,TOTAL,Total,THS_PER,Thousand persons,IT,Italy,2018,,1578.6,,b,break in time series,,
dataflow,ESTAT:LFSA_EISN2(1.0),Employed persons by occupation and economic activity (NACE Rev. 2) (2008-2026),A,Annual,Y_GE15,15 years or over,T,Total,P,Education,TOTAL,Total,THS_PER,Thousand persons,IT,Italy,2019,,1580.0,,,,,
dataflow,ESTAT:LFSA_EISN2(1.0),Employed persons by occupation and economic activity (NACE Rev. 2) (2008-2026),A,Annual,Y_GE15,15 years or over,T,Total,P,Education,TOTAL,Total,THS_PER,Thousand persons,IT,Italy,2020,,1613.7,,,,,
dataflow,ESTAT:LFSA_EISN2(1.0),Employed persons by occupation and economic activity (NACE Rev. 2) (2008-2026),A,Annual,Y_GE15,15 years or over,T,Total,P,Education,TOTAL,Total,THS_PER,Thousand persons,IT,Italy,2021,,1615.2,,b,break in time series,,
dataflow,ESTAT:LFSA_EISN2(1.0),Employed persons by occupation and economic activity (NACE Rev. 2) (2008-2026),A,Annual,Y_GE15,15 years or over,T,Total,P,Education,TOTAL,Total,THS_PER,Thousand persons,IT,Italy,2022,,1603.9,,,,,
dataflow,ESTAT:LFSA_EISN2(1.0),Employed persons by occupation and economic activity (NACE Rev. 2) (2008-2026),A,Annual,Y_GE15,15 years or over,T,Total,P,Education,TOTAL,Total,THS_PER,Thousand persons,IT,Italy,2023,,1670.6,,,,,
dataflow,ESTAT:LFSA_EISN2(1.0),Employed persons by occupation and economic activity (NACE Rev. 2) (2008-2026),A,Annual,Y_GE15,15 years or over,T,Total,Q,Human health and social work activities,TOTAL,Total,THS_PER,Thousand persons,IT,Italy,2014,,1804.2,,,,,
dataflow,ESTAT:LFSA_EISN2(1.0),Employed persons by occupation and economic activity (NACE Rev. 2) (2008-2026),A,Annual,Y_GE15,15 years or over,T,Total,Q,Human health and social work activities,TOTAL,Total,THS_PER,Thousand persons,IT,Italy,2015,,1796.3,,,,,
dataflow,ESTAT:LFSA_EISN2(1.0),Employed persons by occupation and economic activity (NACE Rev. 2) (2008-2026),A,Annual,Y_GE15,15 years or over,T,Total,Q,Human health and social work activities,TOTAL,Total,THS_PER,Thousand persons,IT,Italy,2016,,1831.4,,,,,
dataflow,ESTAT:LFSA_EISN2(1.0),Employed persons by occupation and economic activity (NACE Rev. 2) (2008-2026),A,Annual,Y_GE15,15 years or over,T,Total,Q,Human health and social work activities,TOTAL,Total,THS_PER,Thousand persons,IT,Italy,2017,,1863.4,,,,,
dataflow,ESTAT:LFSA_EISN2(1.0),Employed persons by occupation and economic activity (NACE Rev. 2) (2008-2026),A,Annual,Y_GE15,15 years or over,T,Total,Q,Human health and social work activities,TOTAL,Total,THS_PER,Thousand persons,IT,Italy,2018,,1879.5,,b,break in time series,,
dataflow,ESTAT:LFSA_EISN2(1.0),Employed persons by occupation and economic activity (NACE Rev. 2) (2008-2026),A,Annual,Y_GE15,15 years or over,T,Total,Q,Human health and social work activities,TOTAL,Total,THS_PER,Thousand persons,IT,Italy,2019,,1909.8,,,,,
dataflow,ESTAT:LFSA_EISN2(1.0),Employed persons by occupation and economic activity (NACE Rev. 2) (2008-2026),A,Annual,Y_GE15,15 years or over,T,Total,Q,Human health and social work activities,TOTAL,Total,THS_PER,Thousand persons,IT,Italy,2020,,1863.6,,,,,
dataflow,ESTAT:LFSA_EISN2(1.0),Employed persons by occupation and economic activity (NACE Rev. 2) (2008-2026),A,Annual,Y_GE15,15 years or over,T,Total,Q,Human health and social work activities,TOTAL,Total,THS_PER,Thousand persons,IT,Italy,2021,,1887.3,,b,break in time series,,
dataflow,ESTAT:LFSA_EISN2(1.0),Employed persons by occupation and economic activity (NACE Rev. 2) (2008-2026),A,Annual,Y_GE15,15 years or over,T,Total,Q,Human health and social work activities,TOTAL,Total,THS_PER,Thousand persons,IT,Italy,2022,,1882.7,,,,,
dataflow,ESTAT:LFSA_EISN2(1.0),Employed persons by occupation and economic activity (NACE Rev. 2) (2008-2026),A,Annual,Y_GE15,15 years or over,T,Total,Q,Human health and social work activities,TOTAL,Total,THS_PER,Thousand persons,IT,Italy,2023,,1931.6,,,,,
dataflow,ESTAT:LFSA_EISN2(1.0),Employed persons by occupation and economic activity (NACE Rev. 2) (2008-2026),A,Annual,Y_GE15,15 years or over,T,Total,R,"Arts, entertainment and recreation",TOTAL,Total,THS_PER,Thousand persons,IT,Italy,2014,,297.8,,,,,
dataflow,ESTAT:LFSA_EISN2(1.0),Employed persons by occupation and economic activity (NACE Rev. 2) (2008-2026),A,Annual,Y_GE15,15 years or over,T,Total,R,"Arts, entertainment and recreation",TOTAL,Total,THS_PER,Thousand persons,IT,Italy,2015,,303.2,,,,,
dataflow,ESTAT:LFSA_EISN2(1.0),Employed persons by occupation and economic activity (NACE Rev. 2) (2008-2026),A,Annual,Y_GE15,15 years or over,T,Total,R,"Arts, entertainment and recreation",TOTAL,Total,THS_PER,Thousand persons,IT,Italy,2016,,323.6,,,,,
dataflow,ESTAT:LFSA_EISN2(1.0),Employed persons by occupation and economic activity (NACE Rev. 2) (2008-2026),A,Annual,Y_GE15,15 years or over,T,Total,R,"Arts, entertainment and recreation",TOTAL,Total,THS_PER,Thousand persons,IT,Italy,2017,,334.1,,,,,
dataflow,ESTAT:LFSA_EISN2(1.0),Employed persons by occupation and economic activity (NACE Rev. 2) (2008-2026),A,Annual,Y_GE15,15 years or over,T,Total,R,"Arts, entertainment and recreation",TOTAL,Total,THS_PER,Thousand persons,IT,Italy,2018,,304.9,,b,break in time series,,
dataflow,ESTAT:LFSA_EISN2(1.0),Employed persons by occupation and economic activity (NACE Rev. 2) (2008-2026),A,Annual,Y_GE15,15 years or over,T,Total,R,"Arts, entertainment and recreation",TOTAL,Total,THS_PER,Thousand persons,IT,Italy,2019,,315.2,,,,,
dataflow,ESTAT:LFSA_EISN2(1.0),Employed persons by occupation and economic activity (NACE Rev. 2) (2008-2026),A,Annual,Y_GE15,15 years or over,T,Total,R,"Arts, entertainment and recreation",TOTAL,Total,THS_PER,Thousand persons,IT,Italy,2020,,301.8,,,,,
dataflow,ESTAT:LFSA_EISN2(1.0),Employed persons by occupation and economic activity (NACE Rev. 2) (2008-2026),A,Annual,Y_GE15,15 years or over,T,Total,R,"Arts, entertainment and recreation",TOTAL,Total,THS_PER,Thousand persons,IT,Italy,2021,,264.1,,b,break in time series,,
dataflow,ESTAT:LFSA_EISN2(1.0),Employed persons by occupation and economic activity (NACE Rev. 2) (2008-2026),A,Annual,Y_GE15,15 years or over,T,Total,R,"Arts, entertainment and recreation",TOTAL,Total,THS_PER,Thousand persons,IT,Italy,2022,,307.7,,,,,
dataflow,ESTAT:LFSA_EISN2(1.0),Employed persons by occupation and economic activity (NACE Rev. 2) (2008-2026),A,Annual,Y_GE15,15 years or over,T,Total,R,"Arts, entertainment and recreation",TOTAL,Total,THS_PER,Thousand persons,IT,Italy,2023,,334.2,,,,,
dataflow,ESTAT:LFSA_EISN2(1.0),Employed persons by occupation and economic activity (NACE Rev. 2) (2008-2026),A,Annual,Y_GE15,15 years or over,T,Total,S,Other service activities,TOTAL,Total,THS_PER,Thousand persons,IT,Italy,2014,,652.1,,,,,
dataflow,ESTAT:LFSA_EISN2(1.0),Employed persons by occupation and economic activity (NACE Rev. 2) (2008-2026),A,Annual,Y_GE15,15 years or over,T,Total,S,Other service activities,TOTAL,Total,THS_PER,Thousand persons,IT,Italy,2015,,658.8,,,,,
dataflow,ESTAT:LFSA_EISN2(1.0),Employed persons by occupation and economic activity (NACE Rev. 2) (2008-2026),A,Annual,Y_GE15,15 years or over,T,Total,S,Other service activities,TOTAL,Total,THS_PER,Thousand persons,IT,Italy,2016,,667.4,,,,,
dataflow,ESTAT:LFSA_EISN2(1.0),Employed persons by occupation and economic activity (NACE Rev. 2) (2008-2026),A,Annual,Y_GE15,15 years or over,T,Total,S,Other service activities,TOTAL,Total,THS_PER,Thousand persons,IT,Italy,2017,,693.5,,,,,
dataflow,ESTAT:LFSA_EISN2(1.0),Employed persons by occupation and economic activity (NACE Rev. 2) (2008-2026),A,Annual,Y_GE15,15 years or over,T,Total,S,Other service activities,TOTAL,Total,THS_PER,Thousand persons,IT,Italy,2018,,706.6,,b,break in time series,,
dataflow,ESTAT:LFSA_EISN2(1.0),Employed persons by occupation and economic activity (NACE Rev. 2) (2008-2026),A,Annual,Y_GE15,15 years or over,T,Total,S,Other service activities,TOTAL,Total,THS_PER,Thousand persons,IT,Italy,2019,,704.3,,,,,
dataflow,ESTAT:LFSA_EISN2(1.0),Employed persons by occupation and economic activity (NACE Rev. 2) (2008-2026),A,Annual,Y_GE15,15 years or over,T,Total,S,Other service activities,TOTAL,Total,THS_PER,Thousand persons,IT,Italy,2020,,706.7,,,,,
dataflow,ESTAT:LFSA_EISN2(1.0),Employed persons by occupation and economic activity (NACE Rev. 2) (2008-2026),A,Annual,Y_GE15,15 years or over,T,Total,S,Other service activities,TOTAL,Total,THS_PER,Thousand persons,IT,Italy,2021,,703.3,,b,break in time series,,
dataflow,ESTAT:LFSA_EISN2(1.0),Employed persons by occupation and economic activity (NACE Rev. 2) (2008-2026),A,Annual,Y_GE15,15 years or over,T,Total,S,Other service activities,TOTAL,Total,THS_PER,Thousand persons,IT,Italy,2022,,745.9,,,,,
dataflow,ESTAT:LFSA_EISN2(1.0),Employed persons by occupation and economic activity (NACE Rev. 2) (2008-2026),A,Annual,Y_GE15,15 years or over,T,Total,S,Other service activities,TOTAL,Total,THS_PER,Thousand persons,IT,Italy,2023,,709.5,,,,,
dataflow,ESTAT:LFSA_EISN2(1.0),Employed persons by occupation and economic activity (NACE Rev. 2) (2008-2026),A,Annual,Y_GE15,15 years or over,T,Total,T,Activities of households as employers; undifferentiated goods- and services-producing activities of households for own use,TOTAL,Total,THS_PER,Thousand persons,IT,Italy,2014,,776.1,,,,,
dataflow,ESTAT:LFSA_EISN2(1.0),Employed persons by occupation and economic activity (NACE Rev. 2) (2008-2026),A,Annual,Y_GE15,15 years or over,T,Total,T,Activities of households as employers; undifferentiated goods- and services-producing activities of households for own use,TOTAL,Total,THS_PER,Thousand persons,IT,Italy,2015,,786.5,,,,,
dataflow,ESTAT:LFSA_EISN2(1.0),Employed persons by occupation and economic activity (NACE Rev. 2) (2008-2026),A,Annual,Y_GE15,15 years or over,T,Total,T,Activities of households as employers; undifferentiated goods- and services-producing activities of households for own use,TOTAL,Total,THS_PER,Thousand persons,IT,Italy,2016,,763.0,,,,,
dataflow,ESTAT:LFSA_EISN2(1.0),Employed persons by occupation and economic activity (NACE Rev. 2) (2008-2026),A,Annual,Y_GE15,15 years or over,T,Total,T,Activities of households as employers; undifferentiated goods- and services-producing activities of households for own use,TOTAL,Total,THS_PER,Thousand persons,IT,Italy,2017,,763.4,,,,,
dataflow,ESTAT:LFSA_EISN2(1.0),Employed persons by occupation and economic activity (NACE Rev. 2) (2008-2026),A,Annual,Y_GE15,15 years or over,T,Total,T,Activities of households as employers; undifferentiated goods- and services-producing activities of households for own use,TOTAL,Total,THS_PER,Thousand persons,IT,Italy,2018,,736.9,,b,break in time series,,
dataflow,ESTAT:LFSA_EISN2(1.0),Employed persons by occupation and economic activity (NACE Rev. 2) (2008-2026),A,Annual,Y_GE15,15 years or over,T,Total,T,Activities of households as employers; undifferentiated goods- and services-producing activities of households for own use,TOTAL,Total,THS_PER,Thousand persons,IT,Italy,2019,,711.4,,,,,
dataflow,ESTAT:LFSA_EISN2(1.0),Employed persons by occupation and economic activity (NACE Rev. 2) (2008-2026),A,Annual,Y_GE15,15 years or over,T,Total,T,Activities of households as employers; undifferentiated goods- and services-producing activities of households for own use,TOTAL,Total,THS_PER,Thousand persons,IT,Italy,2020,,640.0,,,,,
dataflow,ESTAT:LFSA_EISN2(1.0),Employed persons by occupation and economic activity (NACE Rev. 2) (2008-2026),A,Annual,Y_GE15,15 years or over,T,Total,T,Activities of households as employers; undifferentiated goods- and services-producing activities of households for own use,TOTAL,Total,THS_PER,Thousand persons,IT,Italy,2021,,666.4,,b,break in time series,,
dataflow,ESTAT:LFSA_EISN2(1.0),Employed persons by occupation and economic activity (NACE Rev. 2) (2008-2026),A,Annual,Y_GE15,15 years or over,T,Total,T,Activities of households as employers; undifferentiated goods- and services-producing activities of households for own use,TOTAL,Total,THS_PER,Thousand persons,IT,Italy,2022,,637.4,,,,,
dataflow,ESTAT:LFSA_EISN2(1.0),Employed persons by occupation and economic activity (NACE Rev. 2) (2008-2026),A,Annual,Y_GE15,15 years or over,T,Total,T,Activities of households as employers; undifferentiated goods- and services-producing activities of households for own use,TOTAL,Total,THS_PER,Thousand persons,IT,Italy,2023,,614.6,,,,,
dataflow,ESTAT:LFSA_EISN2(1.0),Employed persons by occupation and economic activity (NACE Rev. 2) (2008-2026),A,Annual,Y_GE15,15 years or over,T,Total,U,Activities of extraterritorial organisations and bodies,TOTAL,Total,THS_PER,Thousand persons,IT,Italy,2014,,16.0,,,,,
dataflow,ESTAT:LFSA_EISN2(1.0),Employed persons by occupation and economic activity (NACE Rev. 2) (2008-2026),A,Annual,Y_GE15,15 years or over,T,Total,U,Activities of extraterritorial organisations and bodies,TOTAL,Total,THS_PER,Thousand persons,IT,Italy,2015,,16.6,,,,,
dataflow,ESTAT:LFSA_EISN2(1.0),Employed persons by occupation and economic activity (NACE Rev. 2) (2008-2026),A,Annual,Y_GE15,15 years or over,T,Total,U,Activities of extraterritorial organisations and bodies,TOTAL,Total,THS_PER,Thousand persons,IT,Italy,2016,,15.4,,,,,
dataflow,ESTAT:LFSA_EISN2(1.0),Employed persons by occupation and economic activity (NACE Rev. 2) (2008-2026),A,Annual,Y_GE15,15 years or over,T,Total,U,Activities of extraterritorial organisations and bodies,TOTAL,Total,THS_PER,Thousand persons,IT,Italy,2017,,19.1,,,,,
dataflow,ESTAT:LFSA_EISN2(1.0),Employed persons by occupation and economic activity (NACE Rev. 2) (2008-2026),A,Annual,Y_GE15,15 years or over,T,Total,U,Activities of extraterritorial organisations and bodies,TOTAL,Total,THS_PER,Thousand persons,IT,Italy,2018,,17.5,,b,break in time series,,
dataflow,ESTAT:LFSA_EISN2(1.0),Employed persons by occupation and economic activity (NACE Rev. 2) (2008-2026),A,Annual,Y_GE15,15 years or over,T,Total,U,Activities of extraterritorial organisations and bodies,TOTAL,Total,THS_PER,Thousand persons,IT,Italy,2019,,13.7,,,,,
dataflow,ESTAT:LFSA_EISN2(1.0),Employed persons by occupation and economic activity (NACE Rev. 2) (2008-2026),A,Annual,Y_GE15,15 years or over,T,Total,U,Activities of extraterritorial organisations and bodies,TOTAL,Total,THS_PER,Thousand persons,IT,Italy,2020,,17.0,,,,,
dataflow,ESTAT:LFSA_EISN2(1.0),Employed persons by occupation and economic activity (NACE Rev. 2) (2008-2026),A,Annual,Y_GE15,15 years or over,T,Total,U,Activities of extraterritorial organisations and bodies,TOTAL,Total,THS_PER,Thousand persons,IT,Italy,2021,,16.4,,b,break in time series,,
dataflow,ESTAT:LFSA_EISN2(1.0),Employed persons by occupation and economic activity (NACE Rev. 2) (2008-2026),A,Annual,Y_GE15,15 years or over,T,Total,U,Activities of extraterritorial organisations and bodies,TOTAL,Total,THS_PER,Thousand persons,IT,Italy,2022,,18.9,,,,,
dataflow,ESTAT:LFSA_EISN2(1.0),Employed persons by occupation and economic activity (NACE Rev. 2) (2008-2026),A,Annual,Y_GE15,15 years or over,T,Total,U,Activities of extraterritorial organisations and bodies,TOTAL,Total,THS_PER,Thousand persons,IT,Italy,2023,,17.3,,,,,
